[
{
    "model": "sistemas.familia",
    "pk": "F01",
    "fields": {
        "nombre_familia": "Autorizaciones, licencias, permisos, comunicaciones previas y declaraciones responsables"
    }
},
{
    "model": "sistemas.familia",
    "pk": "F02",
    "fields": {
        "nombre_familia": "Infracciones y sanciones"
    }
},
{
    "model": "sistemas.familia",
    "pk": "F03",
    "fields": {
        "nombre_familia": "Revisión de actos, recursos administrativos y reclamaciones previas"
    }
},
{
    "model": "sistemas.familia",
    "pk": "F04",
    "fields": {
        "nombre_familia": "Responsabilidad patrimonial"
    }
},
{
    "model": "sistemas.familia",
    "pk": "F05",
    "fields": {
        "nombre_familia": "Subvenciones, premios y becas"
    }
},
{
    "model": "sistemas.familia",
    "pk": "F06",
    "fields": {
        "nombre_familia": "Gestión de personal"
    }
},
{
    "model": "sistemas.familia",
    "pk": "F10",
    "fields": {
        "nombre_familia": "Certificaciones"
    }
},
{
    "model": "sistemas.familia",
    "pk": "F11",
    "fields": {
        "nombre_familia": "Registros administrativos"
    }
},
{
    "model": "sistemas.familia",
    "pk": "F12",
    "fields": {
        "nombre_familia": "Expropiación forzosa"
    }
},
{
    "model": "sistemas.familia",
    "pk": "F13",
    "fields": {
        "nombre_familia": "Gobierno y dirección"
    }
},
{
    "model": "sistemas.familia",
    "pk": "F14",
    "fields": {
        "nombre_familia": "Prestaciones sociales y sanitarias"
    }
},
{
    "model": "sistemas.familia",
    "pk": "F17",
    "fields": {
        "nombre_familia": "Sugerencias y reclamaciones"
    }
},
{
    "model": "sistemas.familia",
    "pk": "F19",
    "fields": {
        "nombre_familia": "Inspectora"
    }
},
{
    "model": "sistemas.familia",
    "pk": "_NA",
    "fields": {
        "nombre_familia": "No aplicable"
    }
},
{
    "model": "sistemas.familia",
    "pk": "UNK",
    "fields": {
        "nombre_familia": "Pendiente de definir"
    }
},
{
    "model": "sistemas.tema",
    "pk": "AEX",
    "fields": {
        "nombre_tema": "Acción Exterior",
        "transversal": false
    }
},
{
    "model": "sistemas.tema",
    "pk": "AGR",
    "fields": {
        "nombre_tema": "Agricultura",
        "transversal": false
    }
},
{
    "model": "sistemas.tema",
    "pk": "AGU",
    "fields": {
        "nombre_tema": "Aguas",
        "transversal": false
    }
},
{
    "model": "sistemas.tema",
    "pk": "ALI",
    "fields": {
        "nombre_tema": "Alimentación",
        "transversal": false
    }
},
{
    "model": "sistemas.tema",
    "pk": "ALT",
    "fields": {
        "nombre_tema": "Altos cargos",
        "transversal": false
    }
},
{
    "model": "sistemas.tema",
    "pk": "ART",
    "fields": {
        "nombre_tema": "Artesanía",
        "transversal": false
    }
},
{
    "model": "sistemas.tema",
    "pk": "ASO",
    "fields": {
        "nombre_tema": "Acción social",
        "transversal": false
    }
},
{
    "model": "sistemas.tema",
    "pk": "BIS",
    "fields": {
        "nombre_tema": "Bienestar Social",
        "transversal": false
    }
},
{
    "model": "sistemas.tema",
    "pk": "CDE",
    "fields": {
        "nombre_tema": "Cooperación al desarrollo",
        "transversal": false
    }
},
{
    "model": "sistemas.tema",
    "pk": "CNT",
    "fields": {
        "nombre_tema": "Contratación",
        "transversal": true
    }
},
{
    "model": "sistemas.tema",
    "pk": "COM",
    "fields": {
        "nombre_tema": "Comercio",
        "transversal": false
    }
},
{
    "model": "sistemas.tema",
    "pk": "CON",
    "fields": {
        "nombre_tema": "Consumo",
        "transversal": false
    }
},
{
    "model": "sistemas.tema",
    "pk": "COP",
    "fields": {
        "nombre_tema": "Cooperativas",
        "transversal": false
    }
},
{
    "model": "sistemas.tema",
    "pk": "CPR",
    "fields": {
        "nombre_tema": "Colegios profesionales",
        "transversal": false
    }
},
{
    "model": "sistemas.tema",
    "pk": "CTB",
    "fields": {
        "nombre_tema": "Contabilidad",
        "transversal": false
    }
},
{
    "model": "sistemas.tema",
    "pk": "CUL",
    "fields": {
        "nombre_tema": "Cultura",
        "transversal": false
    }
},
{
    "model": "sistemas.tema",
    "pk": "DSS",
    "fields": {
        "nombre_tema": "Desarrollo Sostenible",
        "transversal": false
    }
},
{
    "model": "sistemas.tema",
    "pk": "ECE",
    "fields": {
        "nombre_tema": "Entidades Canarias Exterior",
        "transversal": false
    }
},
{
    "model": "sistemas.tema",
    "pk": "ECO",
    "fields": {
        "nombre_tema": "Economía",
        "transversal": false
    }
},
{
    "model": "sistemas.tema",
    "pk": "ECS",
    "fields": {
        "nombre_tema": "Economía Social",
        "transversal": false
    }
},
{
    "model": "sistemas.tema",
    "pk": "EDU",
    "fields": {
        "nombre_tema": "Educación",
        "transversal": false
    }
},
{
    "model": "sistemas.tema",
    "pk": "EMG",
    "fields": {
        "nombre_tema": "Emergencias",
        "transversal": false
    }
},
{
    "model": "sistemas.tema",
    "pk": "EMI",
    "fields": {
        "nombre_tema": "Emigración",
        "transversal": false
    }
},
{
    "model": "sistemas.tema",
    "pk": "EMP",
    "fields": {
        "nombre_tema": "Empleo",
        "transversal": false
    }
},
{
    "model": "sistemas.tema",
    "pk": "ENG",
    "fields": {
        "nombre_tema": "Energía",
        "transversal": false
    }
},
{
    "model": "sistemas.tema",
    "pk": "EOA",
    "fields": {
        "nombre_tema": "Estrategia y organización administrativa",
        "transversal": true
    }
},
{
    "model": "sistemas.tema",
    "pk": "EPR",
    "fields": {
        "nombre_tema": "Elaboración presupuestaria",
        "transversal": true
    }
},
{
    "model": "sistemas.tema",
    "pk": "EST",
    "fields": {
        "nombre_tema": "Estadísticas",
        "transversal": true
    }
},
{
    "model": "sistemas.tema",
    "pk": "FEM",
    "fields": {
        "nombre_tema": "Formación para el empleo",
        "transversal": false
    }
},
{
    "model": "sistemas.tema",
    "pk": "FIS",
    "fields": {
        "nombre_tema": "Fiscalización",
        "transversal": true
    }
},
{
    "model": "sistemas.tema",
    "pk": "FUN",
    "fields": {
        "nombre_tema": "Fundaciones",
        "transversal": false
    }
},
{
    "model": "sistemas.tema",
    "pk": "FYF",
    "fields": {
        "nombre_tema": "Flora y Fauna",
        "transversal": false
    }
},
{
    "model": "sistemas.tema",
    "pk": "GAN",
    "fields": {
        "nombre_tema": "Ganadería",
        "transversal": false
    }
},
{
    "model": "sistemas.tema",
    "pk": "GDI",
    "fields": {
        "nombre_tema": "Gestión documental integral",
        "transversal": false
    }
},
{
    "model": "sistemas.tema",
    "pk": "GGA",
    "fields": {
        "nombre_tema": "Gestión de gastos",
        "transversal": true
    }
},
{
    "model": "sistemas.tema",
    "pk": "GIN",
    "fields": {
        "nombre_tema": "Gestión de ingresos",
        "transversal": true
    }
},
{
    "model": "sistemas.tema",
    "pk": "GRH",
    "fields": {
        "nombre_tema": "Gestión RRHH",
        "transversal": true
    }
},
{
    "model": "sistemas.tema",
    "pk": "HAC",
    "fields": {
        "nombre_tema": "Hacienda",
        "transversal": false
    }
},
{
    "model": "sistemas.tema",
    "pk": "IDI",
    "fields": {
        "nombre_tema": "Investigación, Desarrollo e Innovación tecnológica",
        "transversal": false
    }
},
{
    "model": "sistemas.tema",
    "pk": "IGE",
    "fields": {
        "nombre_tema": "Igualdad de género",
        "transversal": true
    }
},
{
    "model": "sistemas.tema",
    "pk": "IND",
    "fields": {
        "nombre_tema": "Industria",
        "transversal": false
    }
},
{
    "model": "sistemas.tema",
    "pk": "INM",
    "fields": {
        "nombre_tema": "Inmigración",
        "transversal": false
    }
},
{
    "model": "sistemas.tema",
    "pk": "JUE",
    "fields": {
        "nombre_tema": "Juego",
        "transversal": false
    }
},
{
    "model": "sistemas.tema",
    "pk": "JUS",
    "fields": {
        "nombre_tema": "Justicia",
        "transversal": false
    }
},
{
    "model": "sistemas.tema",
    "pk": "JUV",
    "fields": {
        "nombre_tema": "Juventud",
        "transversal": false
    }
},
{
    "model": "sistemas.tema",
    "pk": "MAB",
    "fields": {
        "nombre_tema": "Medio Ambiente",
        "transversal": false
    }
},
{
    "model": "sistemas.tema",
    "pk": "MCO",
    "fields": {
        "nombre_tema": "Medios de Comunicación Social",
        "transversal": true
    }
},
{
    "model": "sistemas.tema",
    "pk": "OPB",
    "fields": {
        "nombre_tema": "Obras Públicas",
        "transversal": false
    }
},
{
    "model": "sistemas.tema",
    "pk": "OTE",
    "fields": {
        "nombre_tema": "Ordenación Territorial",
        "transversal": false
    }
},
{
    "model": "sistemas.tema",
    "pk": "PAC",
    "fields": {
        "nombre_tema": "Participación Ciudadana",
        "transversal": true
    }
},
{
    "model": "sistemas.tema",
    "pk": "PAT",
    "fields": {
        "nombre_tema": "Patrimonio",
        "transversal": true
    }
},
{
    "model": "sistemas.tema",
    "pk": "PDH",
    "fields": {
        "nombre_tema": "Parejas de hecho",
        "transversal": false
    }
},
{
    "model": "sistemas.tema",
    "pk": "PES",
    "fields": {
        "nombre_tema": "Pesca",
        "transversal": false
    }
},
{
    "model": "sistemas.tema",
    "pk": "PPE",
    "fields": {
        "nombre_tema": "Planificación y política económica",
        "transversal": true
    }
},
{
    "model": "sistemas.tema",
    "pk": "PTO",
    "fields": {
        "nombre_tema": "Puertos",
        "transversal": false
    }
},
{
    "model": "sistemas.tema",
    "pk": "RHU",
    "fields": {
        "nombre_tema": "Recursos Humanos",
        "transversal": false
    }
},
{
    "model": "sistemas.tema",
    "pk": "RSD",
    "fields": {
        "nombre_tema": "Recepción y salida de documentos",
        "transversal": true
    }
},
{
    "model": "sistemas.tema",
    "pk": "SAN",
    "fields": {
        "nombre_tema": "Sanidad",
        "transversal": false
    }
},
{
    "model": "sistemas.tema",
    "pk": "SEG",
    "fields": {
        "nombre_tema": "Seguridad",
        "transversal": false
    }
},
{
    "model": "sistemas.tema",
    "pk": "TEC",
    "fields": {
        "nombre_tema": "Tecnología",
        "transversal": true
    }
},
{
    "model": "sistemas.tema",
    "pk": "TPF",
    "fields": {
        "nombre_tema": "Tesoro y política financiera",
        "transversal": false
    }
},
{
    "model": "sistemas.tema",
    "pk": "TRD",
    "fields": {
        "nombre_tema": "Transformación digital",
        "transversal": false
    }
},
{
    "model": "sistemas.tema",
    "pk": "TRF",
    "fields": {
        "nombre_tema": "Tráfico",
        "transversal": false
    }
},
{
    "model": "sistemas.tema",
    "pk": "TRI",
    "fields": {
        "nombre_tema": "Tributos",
        "transversal": false
    }
},
{
    "model": "sistemas.tema",
    "pk": "TRP",
    "fields": {
        "nombre_tema": "Transportes",
        "transversal": false
    }
},
{
    "model": "sistemas.tema",
    "pk": "TUR",
    "fields": {
        "nombre_tema": "Turismo",
        "transversal": false
    }
},
{
    "model": "sistemas.tema",
    "pk": "UNK",
    "fields": {
        "nombre_tema": "Desconocido / Pendiente",
        "transversal": false
    }
},
{
    "model": "sistemas.tema",
    "pk": "VIV",
    "fields": {
        "nombre_tema": "Vivienda",
        "transversal": false
    }
},
{
    "model": "sistemas.sistema",
    "pk": 1,
    "fields": {
        "uuid_sistema": "c704670c-cf07-11f0-88aa-38d5470ea667",
        "nombre_sistema": "Inventario de Sistemas de Información",
        "organismo": 42093,
        "codigo": "ISSI",
        "url": "http://issi.euribates.eu/sistemas/",
        "descripcion": "Gestionar y mantener un inventario de todos los sistemas de información utilizados en el Gobierno de Canarias y organismos relaciones.\r\n\r\nEn este sistema se considera un **sistema de información** como el conjunto organizado de elementos interrelacionados (personas, procesos, datos, tecnología y recursos) que trabajan juntos para recopilar, procesar, almacenar, distribuir y gestionar información con el fin de apoyar la toma de decisiones, la coordinación operativa y el control dentro de una organización\"",
        "finalidad": "Inventario global de sistemas de información de las administraciones publicas",
        "observaciones": "",
        "tema": "TRD",
        "es_corporativo": false,
        "es_subsistema_de": null,
        "especial_importancia": false,
        "familia": "_NA",
        "icono_height": 512,
        "icono_width": 512,
        "icono": "sistemas/iconos/2025/logo-issi.png",
        "created": "2025-11-24T10:20:18.231Z",
        "updated": "2026-04-21T19:00:43.604Z",
        "archived": null
    }
},
{
    "model": "sistemas.sistema",
    "pk": 2,
    "fields": {
        "uuid_sistema": "1ef52ee1-cf08-11f0-8b01-38d5470ea667",
        "nombre_sistema": "Registro General de Empresas, Actividades y Establecimientos Turísticos",
        "organismo": 42144,
        "codigo": "TURIDATA",
        "url": null,
        "descripcion": "Un sistema único completo y manejable, que sirva como herramienta de apoyo a la gestión administrativa del sector, y que proporciona información en tiempo real para la gestión estratégica del turismo canario",
        "finalidad": "El funcionamiento de Turidata permite la introducción de datos por parte de los Cabildos, que se registren las resoluciones y que se emitan los certificados de inscripción de forma automática.",
        "observaciones": "",
        "tema": "TUR",
        "es_corporativo": false,
        "es_subsistema_de": null,
        "especial_importancia": false,
        "familia": "UNK",
        "icono_height": 512,
        "icono_width": 512,
        "icono": "sistemas/iconos/2025/turidata-logo.png",
        "created": "2025-11-24T10:20:18.231Z",
        "updated": "2025-11-24T10:20:18.254Z",
        "archived": null
    }
},
{
    "model": "sistemas.sistema",
    "pk": 3,
    "fields": {
        "uuid_sistema": "2b4c67ad-cf08-11f0-bdf7-38d5470ea667",
        "nombre_sistema": "BBDD de legislación y jurisprudencia relativa a la APCAC",
        "organismo": null,
        "codigo": "JURISCAN",
        "url": "https://www3.gobiernodecanarias.org/juriscan/",
        "descripcion": "",
        "finalidad": "BBDD de legislación y jurisprudencia relativa a la APCAC",
        "observaciones": "\n\n",
        "tema": "TRD",
        "es_corporativo": false,
        "es_subsistema_de": null,
        "especial_importancia": false,
        "familia": "_NA",
        "icono_height": 512,
        "icono_width": 512,
        "icono": "sistemas/iconos/2025/juriscan-logo.png",
        "created": "2025-11-24T10:20:18.231Z",
        "updated": "2025-12-01T23:44:56.382Z",
        "archived": null
    }
},
{
    "model": "sistemas.sistema",
    "pk": 4,
    "fields": {
        "uuid_sistema": "18b07fb7-cf09-11f0-ab71-38d5470ea667",
        "nombre_sistema": "Sistema de información de recursos humanos",
        "organismo": 41545,
        "codigo": "SIRHUS",
        "url": "https://www.gobiernodecanarias.net/aplicaciones/sirhus/",
        "descripcion": "Con la implantación de la aplicación **SIRHUS** (Sistema de Información de Recursos Humanos), se persigue  que esta herramienta sirva de instrumento para:\r\n\r\n- La planificación, gestión y seguimiento en materia de personal.\r\n\r\n- Potenciar las tareas de gestión y seguimiento simplificando las tareas esencialmente burocráticas\r\n\r\n- Mejorar la calidad y oportunidad en la toma de decisiones \r\n\r\n- La implantación de un sistema de información único de recursos humanos para todos los colectivos de personal de la Comunidad Autónoma de Canarias en una una plataforma integrada y flexible que permita soportar todo tipo de esquemas competenciales y colectivos.",
        "finalidad": "Sistema para la gestión de los procedimientos en materia de personal, así como para la gestión del registro general de personal.",
        "observaciones": "",
        "tema": "RHU",
        "es_corporativo": true,
        "es_subsistema_de": null,
        "especial_importancia": false,
        "familia": "F06",
        "icono_height": 512,
        "icono_width": 512,
        "icono": "sistemas/iconos/2025/sirhus-logo.png",
        "created": "2025-11-24T10:20:18.231Z",
        "updated": "2025-12-01T22:57:22.436Z",
        "archived": null
    }
},
{
    "model": "sistemas.sistema",
    "pk": 5,
    "fields": {
        "uuid_sistema": "18a72010-cf09-11f0-a413-38d5470ea667",
        "nombre_sistema": "Gestor de Expedientes Corporativo",
        "organismo": 42093,
        "codigo": "PLATEA",
        "url": null,
        "descripcion": "La [Ley 11/2007](https://www.boe.es/eli/es/l/2007/06/22/11/con) reconoce\r\na los ciudadanos el derecho a conocer por medios electrónicos el estado\r\nde tramitación de los procedimientos en los que sean interesados. Dicho\r\nderecho, obliga a los departamentos disponer de uno o varios gestores de\r\nexpedientes.\r\n\r\nEl Gobierno de Canarias, para cumplir con este derecho, puso en marcha\r\nel proyecto de un gestor de expedientes corporativo, ofreciendo con ello\r\nla posibilidad de implementar y utilizar **PLATEA** por los\r\ndepartamentos sin gasto ninguno.\r\n\r\n## Objetivos\r\n\r\n- Facilitar a los departamentos una herramienta que posibilite la\r\n  automatización y tramitación electrónica de los expedientes\r\n  administrativos.\r\n\r\n- Integrar la gestión electrónica de procedimientos con la plataforma\r\n  PLATINO de interoperabilidad corporativa en el Gobierno de Canarias y\r\n  otros sistemas de gestión de expedientes ya existentes en otros\r\n  Departamentos (GexTur, MAyTe, etc.).\r\n\r\n- Consecución efectiva del derecho de los ciudadanos a conocer el estado\r\n  de los expedientes por medios electrónicos, definido en el artículo 6\r\n  de la Ley 11/2007.\r\n\r\n### Principales dificultades y aspectos clave para la implantación\r\n\r\n- Se recomienda utilizar un motor de _workflow_ adecuado a las\r\n  necesidades de la organización y que permita acciones complejas como\r\n  deshacer fases, gestión de eventos y relacionar expedientes.\r\n\r\n- Simplificar previamente todos los procedimientos a modelar en la\r\n  herramienta de gestión, para facilitar el proceso posterior de diseño\r\n  y parametrización de expedientes.\r\n\r\n- Dificultad derivada de la adecuación a los requisitos funcionales y\r\n  aspectos organizativos de cada departamento, de forma que sea válida\r\n  para cualquier modelo de negocio.\r\n\r\n- Las líneas de evolución girarán entorno a modelar todas las familias y\r\n  subfamilias, soportar modelado de eventos configurables asociados a\r\n  cada fase/trámite/procedimiento, funcionalidades avanzadas en la\r\n  tramitación de expedientes e integración con nuevos servicios de\r\n  PLATINO.",
        "finalidad": "Facilitar a los departamentos una herramienta que posibilite la automatización y tramitación electrónica de los expedientes administrativos.",
        "observaciones": "",
        "tema": "TEC",
        "es_corporativo": true,
        "es_subsistema_de": null,
        "especial_importancia": false,
        "familia": "UNK",
        "icono_height": 512,
        "icono_width": 512,
        "icono": "sistemas/iconos/2025/logo_platea.png",
        "created": "2025-11-24T10:20:18.231Z",
        "updated": "2025-12-01T22:57:22.375Z",
        "archived": null
    }
},
{
    "model": "sistemas.sistema",
    "pk": 6,
    "fields": {
        "uuid_sistema": "18acd5e3-cf09-11f0-b6ea-38d5470ea667",
        "nombre_sistema": "Sirvete",
        "organismo": 42093,
        "codigo": "SIRVETE",
        "url": null,
        "descripcion": "Gestión de incidencias y solicitudes de los usuarios realizadas as CiberCentro",
        "finalidad": "Facilitar la gestión de incidencias y solicitudes para los usuarios, especialmente para aquellos que necesiten interactuar con el CiberCentro, el centro de servicios telemáticos del gobierno. Es una herramienta que permite a los usuarios registrar sus peticiones, realizar trámites y dar seguimiento a sus incidencias de manera cómoda y eficiente.",
        "observaciones": "",
        "tema": "TEC",
        "es_corporativo": true,
        "es_subsistema_de": null,
        "especial_importancia": false,
        "familia": "UNK",
        "icono_height": 512,
        "icono_width": 512,
        "icono": "sistemas/iconos/2026/sirvete-logo.png",
        "created": "2025-11-24T10:20:18.231Z",
        "updated": "2026-02-12T13:11:35.103Z",
        "archived": null
    }
},
{
    "model": "sistemas.sistema",
    "pk": 7,
    "fields": {
        "uuid_sistema": "18a83c79-cf09-11f0-be8f-38d5470ea667",
        "nombre_sistema": "Platino",
        "organismo": 42093,
        "codigo": "PLATINO",
        "url": null,
        "descripcion": "Servicio de Interoperabilidad del Gobierno de Canarias",
        "finalidad": "Facilitar la ejecución de trámites administrativos electrónicos, siguiendo estándares y directrices de la administración electrónica.",
        "observaciones": "",
        "tema": "TEC",
        "es_corporativo": true,
        "es_subsistema_de": null,
        "especial_importancia": false,
        "familia": "UNK",
        "icono_height": 512,
        "icono_width": 512,
        "icono": "sistemas/iconos/2025/logo-platino.png",
        "created": "2025-11-24T10:20:18.231Z",
        "updated": "2025-12-01T22:57:22.382Z",
        "archived": null
    }
},
{
    "model": "sistemas.sistema",
    "pk": 8,
    "fields": {
        "uuid_sistema": "18aba9c2-cf09-11f0-99e5-38d5470ea667",
        "nombre_sistema": "SEFLOGIC",
        "organismo": 42088,
        "codigo": "SEFLOGIC",
        "url": null,
        "descripcion": "Sistema de Información Económico-Financiera y Logística",
        "finalidad": "Es el Sistema de Información Económico-Financiera y Logística de la Comunidad Autónoma. Este sistema registra todas las operaciones presupuestarias, económicas, financieras, patrimoniales y de tesorería de la administración pública canaria, sus organismos autónomos y entes con presupuesto.",
        "observaciones": "",
        "tema": "HAC",
        "es_corporativo": true,
        "es_subsistema_de": null,
        "especial_importancia": false,
        "familia": "UNK",
        "icono_height": 512,
        "icono_width": 512,
        "icono": "sistemas/iconos/2025/logo-seflogic.png",
        "created": "2025-11-24T10:20:18.231Z",
        "updated": "2025-12-01T22:57:22.404Z",
        "archived": null
    }
},
{
    "model": "sistemas.sistema",
    "pk": 9,
    "fields": {
        "uuid_sistema": "18af4805-cf09-11f0-9198-38d5470ea667",
        "nombre_sistema": "Sistema de Información de Actuaciones Administrativas de la Administración Pública de la Comunidad Autónoma de Canarias",
        "organismo": 42093,
        "codigo": "SICAC",
        "url": "http://www.gobiernodecanarias.net/uweb/proyectos/sicac/",
        "descripcion": "Gestión de un Inventario de todas las actuaciones administrativas, tanto externas como internas, que gestiona la Administración Pública de la Comunidad Autónoma de Canarias y sus organismos públicos dependientes.\r\n\r\n- La información relativa a las actuaciones administrativas externas estará disponible de forma pública\r\n \r\n- Incluirá información básica sobre la tramitación de cada actuación por parte de los interesados\r\n\r\n- A efectos de la interoperabilidad administrativa, las actuaciones administrativas incorporadas al SICAC se clasificarán en familias y subfamilias y en temas y subtema.",
        "finalidad": "Inventario de actuaciones administrativas, tanto externas como internas.",
        "observaciones": "",
        "tema": "TRD",
        "es_corporativo": true,
        "es_subsistema_de": 8,
        "especial_importancia": false,
        "familia": "UNK",
        "icono_height": 512,
        "icono_width": 512,
        "icono": "sistemas/iconos/2025/sicac-logo.png",
        "created": "2025-11-24T10:20:18.231Z",
        "updated": "2025-12-01T22:57:22.428Z",
        "archived": null
    }
},
{
    "model": "sistemas.sistema",
    "pk": 10,
    "fields": {
        "uuid_sistema": "18aa7fc7-cf09-11f0-ab4e-38d5470ea667",
        "nombre_sistema": "Registro de entrada  y salida",
        "organismo": 42119,
        "codigo": "HIPERREG",
        "url": null,
        "descripcion": "Sistema Intercomunicado de Registros de Entrada y Salida de documentos de la Administración Pública de la Comunidad Autónoma de Canarias",
        "finalidad": "HiperReg es el sistema corporativo que gestiona el registro de entradas y salidas de documentos en el que se anotan todos los escritos o comunicaciones que se han presentado o recibido en la organización, así como la salida de aquellos escritos o notificaciones oficiales dirigidas a particulares u otras administraciones. Además, también gestiona las comunicaciones internas que posibilitan la notificación de documentación entre unidades de la misma organización para su tramitación.",
        "observaciones": "",
        "tema": "TRD",
        "es_corporativo": true,
        "es_subsistema_de": null,
        "especial_importancia": false,
        "familia": "UNK",
        "icono_height": 512,
        "icono_width": 512,
        "icono": "sistemas/iconos/2025/logo-hiperreg.png",
        "created": "2025-11-24T10:20:18.231Z",
        "updated": "2025-12-01T22:57:22.397Z",
        "archived": null
    }
},
{
    "model": "sistemas.sistema",
    "pk": 11,
    "fields": {
        "uuid_sistema": "18adfb3f-cf09-11f0-b191-38d5470ea667",
        "nombre_sistema": "Sistema de Dirección por Objetivos",
        "organismo": 42119,
        "codigo": "TRISKELL",
        "url": "https://ondemand.triskellsoftware.com/sso47/",
        "descripcion": "Sistema de información del modelo de referencia de planificación y gestión estratégica y dirección por objetivos en la APCAC.\r\n\r\nEl Decreto 88/2023, establece la estructura que ha de regir el nuevo marco de programación de\r\nla Administración Pública de la Comunidad Autónoma de Canarias en el periodo 2024-2027. En\r\neste periodo, cada departamento debe elaborar su Plan Estratégico Departamental y aprobar\r\nsus Planes Operativos Anuales. La herramienta que contendrá toda esta información, Triskell, ha\r\nsido configurada para dar soporte a todo el sistema de información del Gobierno de Canarias.",
        "finalidad": "Planificación, gestión estratégica y dirección por objetivos",
        "observaciones": "",
        "tema": "TEC",
        "es_corporativo": true,
        "es_subsistema_de": null,
        "especial_importancia": false,
        "familia": "UNK",
        "icono_height": 512,
        "icono_width": 512,
        "icono": "sistemas/iconos/2025/triskell-logo.png",
        "created": "2025-11-24T10:20:18.231Z",
        "updated": "2025-12-01T22:57:22.419Z",
        "archived": null
    }
},
{
    "model": "sistemas.sistema",
    "pk": 12,
    "fields": {
        "uuid_sistema": "8a5edb70-cf0c-11f0-895f-38d5470ea667",
        "nombre_sistema": "Directorio de Unidades Administrativas y Oficinas de Registro y Atención a la Ciudadanía",
        "organismo": 42119,
        "codigo": "DIRCAC",
        "url": null,
        "descripcion": "Gestionar la estructura jerárquica, organización e  información de las unidades administrativas, oficinas de registro y de atención a la ciudadanía, facilitando la gestión interna de la administración y el acceso de la ciudadanía a sus servicios y la presentación de documentos.",
        "finalidad": "Gestión centralizada de la estructura jerárquica, organización e  información de las unidades administrativa.",
        "observaciones": "",
        "tema": "TEC",
        "es_corporativo": true,
        "es_subsistema_de": null,
        "especial_importancia": true,
        "familia": "UNK",
        "icono_height": 512,
        "icono_width": 512,
        "icono": "sistemas/iconos/2025/dircac-logo.png",
        "created": "2025-11-24T10:20:18.231Z",
        "updated": "2025-12-01T22:57:22.357Z",
        "archived": null
    }
},
{
    "model": "sistemas.sistema",
    "pk": 13,
    "fields": {
        "uuid_sistema": "18b1b0e4-cf09-11f0-b781-38d5470ea667",
        "nombre_sistema": "Sistema de tramitación electrónica de procedimientos de Ganadería",
        "organismo": 39073,
        "codigo": "SIRBA",
        "url": null,
        "descripcion": "",
        "finalidad": "Sistema de tramitación electrónica de los procedimientos de Ganadería",
        "observaciones": "",
        "tema": "GAN",
        "es_corporativo": false,
        "es_subsistema_de": null,
        "especial_importancia": false,
        "familia": "UNK",
        "icono_height": 0,
        "icono_width": 0,
        "icono": "",
        "created": "2025-11-24T10:20:18.231Z",
        "updated": "2025-12-01T22:57:22.444Z",
        "archived": null
    }
},
{
    "model": "sistemas.sistema",
    "pk": 14,
    "fields": {
        "uuid_sistema": "18a9417b-cf09-11f0-97ca-38d5470ea667",
        "nombre_sistema": "Pruebas",
        "organismo": 42093,
        "codigo": "BORRAME",
        "url": null,
        "descripcion": "",
        "finalidad": "Este sistema es de **pruebas**.",
        "observaciones": "",
        "tema": "COM",
        "es_corporativo": false,
        "es_subsistema_de": null,
        "especial_importancia": false,
        "familia": "UNK",
        "icono_height": 0,
        "icono_width": 0,
        "icono": "",
        "created": "2025-11-24T10:20:18.231Z",
        "updated": "2025-12-01T22:57:22.388Z",
        "archived": null
    }
},
{
    "model": "sistemas.sistema",
    "pk": 15,
    "fields": {
        "uuid_sistema": "18a5c990-cf09-11f0-9553-38d5470ea667",
        "nombre_sistema": "Gestión de expedientes de Dependencia",
        "organismo": 42168,
        "codigo": "SIDECAN",
        "url": null,
        "descripcion": "",
        "finalidad": "Gestión de expedientes de Dependencia",
        "observaciones": "",
        "tema": "BIS",
        "es_corporativo": false,
        "es_subsistema_de": null,
        "especial_importancia": false,
        "familia": "UNK",
        "icono_height": 464,
        "icono_width": 464,
        "icono": "sistemas/iconos/2025/sidecan-logo.png",
        "created": "2025-11-24T10:20:18.231Z",
        "updated": "2025-12-01T22:57:22.366Z",
        "archived": null
    }
},
{
    "model": "sistemas.sistema",
    "pk": 16,
    "fields": {
        "uuid_sistema": "f07d154d-e601-4f2f-90e5-8f3599d16da8",
        "nombre_sistema": "Renta Canaria Ciudadana",
        "organismo": 42167,
        "codigo": "RCC",
        "url": null,
        "descripcion": "",
        "finalidad": "Gestión de expedientes de Renta Canaria Ciudadana",
        "observaciones": "",
        "tema": "BIS",
        "es_corporativo": false,
        "es_subsistema_de": null,
        "especial_importancia": false,
        "familia": "UNK",
        "icono_height": 512,
        "icono_width": 512,
        "icono": "sistemas/iconos/2025/RCC-logo.png",
        "created": "2025-11-24T10:20:18.231Z",
        "updated": "2025-11-24T10:20:18.254Z",
        "archived": null
    }
},
{
    "model": "sistemas.sistema",
    "pk": 17,
    "fields": {
        "uuid_sistema": "17aefe7c-f6b3-4f2b-b73a-f5047525704a",
        "nombre_sistema": "Adopciones",
        "organismo": 42169,
        "codigo": "ADOPTA",
        "url": null,
        "descripcion": "",
        "finalidad": "Gestión de expediente de adopciones.",
        "observaciones": "",
        "tema": "BIS",
        "es_corporativo": true,
        "es_subsistema_de": null,
        "especial_importancia": false,
        "familia": "UNK",
        "icono_height": 512,
        "icono_width": 512,
        "icono": "sistemas/iconos/2025/rpg-adopciones.png",
        "created": "2025-11-24T10:20:18.231Z",
        "updated": "2025-11-24T10:20:18.254Z",
        "archived": null
    }
},
{
    "model": "sistemas.sistema",
    "pk": 18,
    "fields": {
        "uuid_sistema": "4c5456c0-e2f8-4ae4-a24f-542b93ad3ccb",
        "nombre_sistema": "Ingreso Mínimo Vital",
        "organismo": null,
        "codigo": "IMV",
        "url": null,
        "descripcion": "",
        "finalidad": "Gestión de Ingreso Mínimo Vital",
        "observaciones": "",
        "tema": "UNK",
        "es_corporativo": false,
        "es_subsistema_de": null,
        "especial_importancia": false,
        "familia": "UNK",
        "icono_height": 0,
        "icono_width": 0,
        "icono": "",
        "created": "2025-11-24T10:20:18.231Z",
        "updated": "2025-11-24T10:20:18.254Z",
        "archived": null
    }
},
{
    "model": "sistemas.sistema",
    "pk": 19,
    "fields": {
        "uuid_sistema": "35ffe319-a950-4a1f-be0f-8a8aec306555",
        "nombre_sistema": "Registro de perros de asistencia",
        "organismo": 42171,
        "codigo": "REG_PERROS_ASISTENCIA",
        "url": null,
        "descripcion": "",
        "finalidad": "Registro perros guía",
        "observaciones": "",
        "tema": "BIS",
        "es_corporativo": false,
        "es_subsistema_de": null,
        "especial_importancia": false,
        "familia": "F11",
        "icono_height": 512,
        "icono_width": 512,
        "icono": "sistemas/iconos/2025/rpg-logo.png",
        "created": "2025-11-24T10:20:18.231Z",
        "updated": "2025-11-24T10:20:18.254Z",
        "archived": null
    }
},
{
    "model": "sistemas.sistema",
    "pk": 20,
    "fields": {
        "uuid_sistema": "5d93fbb4-18a1-4957-adbb-bc924db66f6a",
        "nombre_sistema": "Justicia Juvenil",
        "organismo": 42169,
        "codigo": "JUSTICIA_JUVENIL",
        "url": null,
        "descripcion": "",
        "finalidad": "Gestión de las Medidas Judiciales de Menores",
        "observaciones": "",
        "tema": "BIS",
        "es_corporativo": false,
        "es_subsistema_de": null,
        "especial_importancia": false,
        "familia": "UNK",
        "icono_height": 0,
        "icono_width": 0,
        "icono": "",
        "created": "2025-11-24T10:20:18.231Z",
        "updated": "2025-11-24T10:20:18.254Z",
        "archived": null
    }
},
{
    "model": "sistemas.sistema",
    "pk": 21,
    "fields": {
        "uuid_sistema": "52c98152-f54e-41f2-8d80-4d1923f7f577",
        "nombre_sistema": "Sigestein",
        "organismo": 41854,
        "codigo": "SIGESTEIN",
        "url": null,
        "descripcion": "",
        "finalidad": "Gestionar los expedientes del departamento.",
        "observaciones": "en proceso de sustitución",
        "tema": "OTE",
        "es_corporativo": true,
        "es_subsistema_de": null,
        "especial_importancia": false,
        "familia": "_NA",
        "icono_height": 0,
        "icono_width": 0,
        "icono": "",
        "created": "2025-11-24T10:20:18.231Z",
        "updated": "2026-02-26T10:43:17.047Z",
        "archived": null
    }
},
{
    "model": "sistemas.sistema",
    "pk": 22,
    "fields": {
        "uuid_sistema": "61a978c6-58cb-45e3-9657-a5e7977d0a82",
        "nombre_sistema": "Programa de gestión de cursos",
        "organismo": 6564,
        "codigo": "PGC",
        "url": null,
        "descripcion": "",
        "finalidad": "En este sistema se gestiona actualmente todo el proceso de realización y seguimiento de los cursos desde que se crean a partir de un código hasta que finalizan con la entrega al alumno de la correspondiente certificación.",
        "observaciones": "",
        "tema": "EDU",
        "es_corporativo": false,
        "es_subsistema_de": null,
        "especial_importancia": false,
        "familia": "UNK",
        "icono_height": 0,
        "icono_width": 0,
        "icono": "",
        "created": "2025-11-24T10:20:18.231Z",
        "updated": "2025-11-24T10:20:18.254Z",
        "archived": null
    }
},
{
    "model": "sistemas.sistema",
    "pk": 23,
    "fields": {
        "uuid_sistema": "d9fded6d-cd3f-4306-885f-b96f28336c65",
        "nombre_sistema": "SISTEMA DE FICHAJES ESSSCAN",
        "organismo": 6564,
        "codigo": "TIMEVIEW",
        "url": null,
        "descripcion": "",
        "finalidad": "Sistema de control de fichajes, ausencias y vacaciones,  gestión de incidencias y expediente del empleado.",
        "observaciones": "",
        "tema": "RHU",
        "es_corporativo": false,
        "es_subsistema_de": null,
        "especial_importancia": false,
        "familia": "UNK",
        "icono_height": 512,
        "icono_width": 512,
        "icono": "sistemas/iconos/2025/TimeView-logo.png",
        "created": "2025-11-24T10:20:18.231Z",
        "updated": "2025-11-24T10:20:18.254Z",
        "archived": null
    }
},
{
    "model": "sistemas.sistema",
    "pk": 24,
    "fields": {
        "uuid_sistema": "1483d3ec-b8bd-43fb-b482-a66e19f4c21e",
        "nombre_sistema": "Gestión de personal docente",
        "organismo": 42125,
        "codigo": "GPD",
        "url": null,
        "descripcion": "",
        "finalidad": "Gestión del personal docente de centros públicos o sostenidos con fondos públicos",
        "observaciones": "",
        "tema": "EDU",
        "es_corporativo": false,
        "es_subsistema_de": null,
        "especial_importancia": false,
        "familia": "UNK",
        "icono_height": 512,
        "icono_width": 512,
        "icono": "sistemas/iconos/2025/gpd-logo.png",
        "created": "2025-11-24T10:20:18.231Z",
        "updated": "2025-11-24T10:20:18.254Z",
        "archived": null
    }
},
{
    "model": "sistemas.sistema",
    "pk": 25,
    "fields": {
        "uuid_sistema": "2b77c42f-6c59-405b-bd89-dd122b2219a0",
        "nombre_sistema": "Gestión de personal no docente",
        "organismo": 42135,
        "codigo": "GPND",
        "url": null,
        "descripcion": "",
        "finalidad": "Gestión del personal no docente",
        "observaciones": "",
        "tema": "EDU",
        "es_corporativo": false,
        "es_subsistema_de": null,
        "especial_importancia": false,
        "familia": "UNK",
        "icono_height": 512,
        "icono_width": 512,
        "icono": "sistemas/iconos/2025/gpnd-logo.png",
        "created": "2025-11-24T10:20:18.231Z",
        "updated": "2025-11-24T10:20:18.254Z",
        "archived": null
    }
},
{
    "model": "sistemas.sistema",
    "pk": 26,
    "fields": {
        "uuid_sistema": "fdc08ab4-5b82-4e45-b0d3-120c3a843344",
        "nombre_sistema": "Gestión académica",
        "organismo": 42126,
        "codigo": "GESACA",
        "url": null,
        "descripcion": "",
        "finalidad": "Planificación educativa y gestiones académicas",
        "observaciones": "",
        "tema": "EDU",
        "es_corporativo": false,
        "es_subsistema_de": null,
        "especial_importancia": false,
        "familia": "UNK",
        "icono_height": 512,
        "icono_width": 512,
        "icono": "sistemas/iconos/2025/gestacad-logo.png",
        "created": "2025-11-24T10:20:18.231Z",
        "updated": "2025-11-24T10:20:18.254Z",
        "archived": null
    }
},
{
    "model": "sistemas.sistema",
    "pk": 27,
    "fields": {
        "uuid_sistema": "4c022016-ba96-491f-be6e-01f44aa19409",
        "nombre_sistema": "Registro de comerciantes y comercios",
        "organismo": 42110,
        "codigo": "REGCOMERCIA",
        "url": null,
        "descripcion": "a) Permitir la elaboración y permanente actualización de un censo comercial en Canarias.\r\n\r\nb) Disponer de los datos precisos para el general y común conocimiento de las estructuras comerciales en el ámbito territorial de Canarias, así como garantizar los derechos de los consumidores y usuarios.\r\n\r\nc) Contribuir a definir las políticas públicas llevadas a cabo en el sector comercial canario.\r\n\r\nd) Facilitar el ejercicio de las funciones de control y tutela de los intereses públicos en el ámbito de la actividad comercial.\r\n\r\ne) Promover la necesaria transparencia y la defensa del principio de leal competencia en el ejercicio de la actividad comercial, así como la defensa de los derechos de los consumidores.",
        "finalidad": "",
        "observaciones": "",
        "tema": "COM",
        "es_corporativo": false,
        "es_subsistema_de": null,
        "especial_importancia": false,
        "familia": "F11",
        "icono_height": 0,
        "icono_width": 0,
        "icono": "",
        "created": "2025-11-24T10:20:18.231Z",
        "updated": "2025-11-24T10:20:18.254Z",
        "archived": null
    }
},
{
    "model": "sistemas.sistema",
    "pk": 28,
    "fields": {
        "uuid_sistema": "bf5d01a7-a93c-49a8-b1b6-26099c486f5b",
        "nombre_sistema": "Gestión y control de denuncias y reclamaciones",
        "organismo": 42110,
        "codigo": "SIGLO",
        "url": "https://www.gobiernodecanarias.net/aplicaciones/regcomercia",
        "descripcion": "Registro de comerciantes y comercios de Canarias",
        "finalidad": "Gestión y control de denuncias y reclamaciones. Actuaciones inspectoras y espedientes sancionadores.",
        "observaciones": "",
        "tema": "COM",
        "es_corporativo": false,
        "es_subsistema_de": null,
        "especial_importancia": false,
        "familia": "UNK",
        "icono_height": 512,
        "icono_width": 512,
        "icono": "sistemas/iconos/2025/siglo-logo.png",
        "created": "2025-11-24T10:20:18.231Z",
        "updated": "2025-11-24T10:20:18.254Z",
        "archived": null
    }
},
{
    "model": "sistemas.sistema",
    "pk": 29,
    "fields": {
        "uuid_sistema": "ac8f614b-1188-4798-ba7e-5e36046bfd6c",
        "nombre_sistema": "Sistemas de Atención al Usuario Centralizado en el ámbito sanitario",
        "organismo": 6583,
        "codigo": "SAUCE",
        "url": null,
        "descripcion": "Plataforma que permite el registro, gestión y tramitación de los expedientes de reclamaciones, solicitudes de información, sugerencias y disconformidades en el ámbito sanitario. Estas reclamaciones o solicitudes, pueden llegar tanto electrónicamente desde [HiperReg](/sistemas/sistema/10/), Sede Electrónica o Comunicaciones Internas como presencialmente.\r\n\r\nEstá construida sobre una Base de Datos unificada y centralizada de los expedientes tramitados por toda la red asistencial (entre las Direcciones de Área, Gerencias de Servicios Sanitarios, Centros de Salud, Caes y Hospitales), las personas interesadas, los pacientes y los profesionales implicados.   \r\n\r\nPermite:\r\n\r\n - Control en cada momento del estado del expediente y su seguimiento.\r\n\r\n- Control del Personal Sanitario Reclamado así como de los Servicios.\r\n\r\n- Explotación de datos mediante Módulos de listados y estadísticas según diferentes distribuciones de la población.",
        "finalidad": "Gestión y tramitación de los expedientes de reclamaciones, solicitudes de información, sugerencias y disconformidades en el ámbito sanitario.",
        "observaciones": "",
        "tema": "SAN",
        "es_corporativo": false,
        "es_subsistema_de": null,
        "especial_importancia": false,
        "familia": "F17",
        "icono_height": 0,
        "icono_width": 0,
        "icono": "",
        "created": "2025-11-24T10:20:18.231Z",
        "updated": "2025-11-24T10:20:18.254Z",
        "archived": null
    }
},
{
    "model": "sistemas.sistema",
    "pk": 30,
    "fields": {
        "uuid_sistema": "ea669766-ea05-453b-bce1-177e1ad5460d",
        "nombre_sistema": "Registro de Manifestaciones Anticipadas de Voluntad",
        "organismo": 6583,
        "codigo": "REMAV",
        "url": null,
        "descripcion": "Registro de Manifestaciones Anticipadas de Voluntad",
        "finalidad": "Registro que depende de la Consejería de Sanidad, de las **Manifestaciones Anticipadas de Voluntad** (MAV) relativas a las intervenciones médicas sobre personas que no puedan expresar su deseo mediante el consentimiento informado.\r\n\r\nPermite al otorgante inscribir su otorgamiento, sustitución, modificación o revocación en sus tres modalidades: presencial ante un funcionario encargado del registro de Manifestaciones Anticipadas de Voluntad, ante un Notario o por correo ante tres testigos.\r\n\r\nUna vez inscrita la MAV, el sistema comunica automáticamente a TSI, Historia Clínica que el otorgante tiene MAV. Además lo inscribe en el Registro Nacional de Instrucciones Previas.\r\n\r\nPermite la Explotación de datos mediante Módulos de listados y estadísticas según diferentes distribuciones de la población.",
        "observaciones": "",
        "tema": "SAN",
        "es_corporativo": false,
        "es_subsistema_de": null,
        "especial_importancia": false,
        "familia": "UNK",
        "icono_height": 0,
        "icono_width": 0,
        "icono": "",
        "created": "2025-11-24T10:20:18.231Z",
        "updated": "2025-11-24T10:20:18.254Z",
        "archived": null
    }
},
{
    "model": "sistemas.sistema",
    "pk": 31,
    "fields": {
        "uuid_sistema": "215a2c7c-182a-4ae7-83e8-e2a32cc1c598",
        "nombre_sistema": "Visualización por parte de los Profesionales Sanitarios de MAV en el Registro Autonómico (ReMav) y en el Registro Nacional de Instrucciones Previas (RNIP)",
        "organismo": 6583,
        "codigo": "VIPROF",
        "url": null,
        "descripcion": "",
        "finalidad": "Aplicación Web para el acceso a Profesionales Sanitarios del SCS para consultar los documentos relativos a las MAV en el Registro Autonómico y en el RNIP para conocer si tiene una Instrucción Previa (IP) en alguna otra otra comunidad de pacientes que no puedan expresar su deseo mediante el consentimiento informado, previa solicitud de las credenciales de acceso (usuario y contraseña).\r\n\r\nAdemás contiene Servicios Web de consultas para ser consumidos por las aplicaciones del SCS (Drago AE, Drago AP, SAP, Historias Clínicas) o desde cualquier otra aplicación que lo precise, previa solicitud de las credenciales de acceso.",
        "observaciones": "",
        "tema": "SAN",
        "es_corporativo": false,
        "es_subsistema_de": 30,
        "especial_importancia": false,
        "familia": "UNK",
        "icono_height": 0,
        "icono_width": 0,
        "icono": "",
        "created": "2025-11-24T10:20:18.231Z",
        "updated": "2025-11-24T10:20:18.254Z",
        "archived": null
    }
},
{
    "model": "sistemas.sistema",
    "pk": 32,
    "fields": {
        "uuid_sistema": "7a9c1392-a298-4a11-9ffd-9d16260f359a",
        "nombre_sistema": "Visualización de la Manifestación Anticipada de Voluntad a través de medios telemáticos",
        "organismo": 6583,
        "codigo": "VIMAV",
        "url": null,
        "descripcion": "",
        "finalidad": "Aplicación web para la visualización de los documentos relativos a las manifestaciones anticipadas de voluntad (MAV) por parte del otorgante y/o su representante a través de certificado digital. Se encuentra publicado en la SEDE de la Consejería y en el Portal Web.\r\n\r\nAsí mismo permite imprimir dichos documentos: documento MAV, documento de Lectura Rápida, documento de aceptación de uno o varios representantes.",
        "observaciones": "",
        "tema": "SAN",
        "es_corporativo": false,
        "es_subsistema_de": 30,
        "especial_importancia": false,
        "familia": "UNK",
        "icono_height": 0,
        "icono_width": 0,
        "icono": "",
        "created": "2025-11-24T10:20:18.231Z",
        "updated": "2025-11-24T10:20:18.254Z",
        "archived": null
    }
},
{
    "model": "sistemas.sistema",
    "pk": 33,
    "fields": {
        "uuid_sistema": "442fa3ab-ef74-4bd2-8b94-af9093c106c0",
        "nombre_sistema": "Repositorio y Archivos Multimedia.",
        "organismo": 6583,
        "codigo": "RETAMA",
        "url": null,
        "descripcion": "Gestión de Repositorio de tareas, noticias, documentos y ficheros en entorno web para poder compartir entre los distintos departamentos y servicios y según sus niveles de acceso, llegando a constituir una Base de Datos de conocimiento compartida.  \r\n\r\nContiene un módulo que gestiona las noticias a publicar en Intranet o en el Portal Web (con fechas publicación y de caducidad) con posibilidad de marcar como “destacado”. Contiene otro módulo que gestiona las INTRANET departamentales.",
        "finalidad": "Gestor de tareas, noticias, documentos y ficheros en entorno web usado por Sanidad.",
        "observaciones": "",
        "tema": "SAN",
        "es_corporativo": false,
        "es_subsistema_de": null,
        "especial_importancia": false,
        "familia": "_NA",
        "icono_height": 0,
        "icono_width": 0,
        "icono": "",
        "created": "2025-11-24T10:20:18.231Z",
        "updated": "2025-11-24T10:20:18.254Z",
        "archived": null
    }
},
{
    "model": "sistemas.sistema",
    "pk": 34,
    "fields": {
        "uuid_sistema": "5f1f53ea-4071-45e0-b153-96479cb7f0d6",
        "nombre_sistema": "Subsistema de RETAMA de  Iniciativas Parlamentarias",
        "organismo": 6583,
        "codigo": "RETAMA_IP",
        "url": null,
        "descripcion": "Módulo que tiene como base el Sistema de Información de RETAMA que gestiona los expedientes de Iniciativas Parlamentarias recibidos desde la aplicación HIPATIA.\r\n\r\nPermite el control en cada momento del estado del expediente y su seguimiento así como consultas y listados según diferentes parámetros.",
        "finalidad": "Gestionar expedientes de Iniciativas Parlamentarias recibidos desde la aplicación HIPATIA",
        "observaciones": "",
        "tema": "SAN",
        "es_corporativo": false,
        "es_subsistema_de": 33,
        "especial_importancia": false,
        "familia": "UNK",
        "icono_height": 0,
        "icono_width": 0,
        "icono": "",
        "created": "2025-11-24T10:20:18.231Z",
        "updated": "2025-11-24T10:20:18.254Z",
        "archived": null
    }
},
{
    "model": "sistemas.sistema",
    "pk": 35,
    "fields": {
        "uuid_sistema": "ebf07680-ef34-4a88-88fe-87bf938e329d",
        "nombre_sistema": "Recursos de Estudios",
        "organismo": 6583,
        "codigo": "EST_RECU",
        "url": null,
        "descripcion": "Gestión de los Expedientes de Recursos que se presentan \r\nen el Servicio de Estudios y Normativa con mantenimiento\r\nde la información, consultas y listados por varios parámetros. \r\n\r\nEl proyecto se encuentra en explotación, aunque, al estar \r\nobsoleto por su lenguaje de programación (Access), no tiene\r\nningún tipo de mantenimiento evolutivo. Se está pendiente\r\nde su migración.",
        "finalidad": "Gestionar los recursos que se presentan en el Servicio de Estudios y Normativa.",
        "observaciones": "",
        "tema": "SAN",
        "es_corporativo": false,
        "es_subsistema_de": null,
        "especial_importancia": false,
        "familia": "F03",
        "icono_height": 0,
        "icono_width": 0,
        "icono": "",
        "created": "2025-11-24T10:20:18.231Z",
        "updated": "2025-11-24T10:20:18.254Z",
        "archived": null
    }
},
{
    "model": "sistemas.sistema",
    "pk": 36,
    "fields": {
        "uuid_sistema": "b2196593-1ac1-4e3c-b6da-df218230a876",
        "nombre_sistema": "Registro vitícola comunitario",
        "organismo": 39060,
        "codigo": "REGPLANVID",
        "url": null,
        "descripcion": "",
        "finalidad": "El Registro de Plantaciones de Viñedo es el censo de todas las parcelas con viñedo.",
        "observaciones": "Gestionada por GRAFCAN",
        "tema": "AGR",
        "es_corporativo": false,
        "es_subsistema_de": null,
        "especial_importancia": false,
        "familia": "F11",
        "icono_height": 0,
        "icono_width": 0,
        "icono": "",
        "created": "2025-11-24T10:20:18.231Z",
        "updated": "2026-04-24T20:55:02.873Z",
        "archived": null
    }
},
{
    "model": "sistemas.sistema",
    "pk": 37,
    "fields": {
        "uuid_sistema": "12c75d10-c8cc-4630-9814-a93fdfb0a4f8",
        "nombre_sistema": "Registro de Sociedades Agrarias de Transformación de Canarias",
        "organismo": 39053,
        "codigo": "REG_SATC",
        "url": null,
        "descripcion": "",
        "finalidad": "Registro administrativo en el que serán inscritas las Sociedades Agrarias de Transformación que operen exclusivamente en el territorio de la Comunidad Autónoma de Canarias y que reúnan los requisitos establecidos en la normativa que las regula.",
        "observaciones": "",
        "tema": "AGR",
        "es_corporativo": false,
        "es_subsistema_de": null,
        "especial_importancia": false,
        "familia": "F11",
        "icono_height": 512,
        "icono_width": 512,
        "icono": "sistemas/iconos/2026/reg_satc.png",
        "created": "2025-11-24T10:20:18.231Z",
        "updated": "2026-04-26T17:41:38.013Z",
        "archived": null
    }
},
{
    "model": "sistemas.sistema",
    "pk": 38,
    "fields": {
        "uuid_sistema": "9f1b9417-5ef8-4e30-b255-c98f8b0c9911",
        "nombre_sistema": "Registro de Explotaciones Agrarias Prioritarias de Canarias",
        "organismo": 39060,
        "codigo": "REGEAP",
        "url": null,
        "descripcion": "Registro de naturaleza administrativa, que se configura como un instrumento que permite el seguimiento y supervisión por la Administración de la Comunidad Autónoma de Canarias de las explotaciones agrarias prioritarias.",
        "finalidad": "Seguimiento y supervisión por la Administración de la Comunidad Autónoma de Canarias de las explotaciones agrarias prioritarias.",
        "observaciones": "",
        "tema": "AGR",
        "es_corporativo": false,
        "es_subsistema_de": null,
        "especial_importancia": false,
        "familia": "UNK",
        "icono_height": 0,
        "icono_width": 0,
        "icono": "",
        "created": "2025-11-24T10:20:18.231Z",
        "updated": "2025-11-24T10:20:18.254Z",
        "archived": null
    }
},
{
    "model": "sistemas.sistema",
    "pk": 39,
    "fields": {
        "uuid_sistema": "e3494df6-a0df-4b49-b72b-14c4fa1f17be",
        "nombre_sistema": "Sistema de gestión del PEPAC",
        "organismo": 39053,
        "codigo": "TITAN",
        "url": null,
        "descripcion": "",
        "finalidad": "Sistema de Gestión de las ayudas del PEPAC 2023-2027",
        "observaciones": "",
        "tema": "AGR",
        "es_corporativo": false,
        "es_subsistema_de": null,
        "especial_importancia": false,
        "familia": "F05",
        "icono_height": 512,
        "icono_width": 512,
        "icono": "sistemas/iconos/2026/titan-logo.png",
        "created": "2025-11-24T10:20:18.231Z",
        "updated": "2026-02-26T11:04:19.347Z",
        "archived": null
    }
},
{
    "model": "sistemas.sistema",
    "pk": 40,
    "fields": {
        "uuid_sistema": "9f421da9-fa51-461d-ac5a-a1c49ac88e71",
        "nombre_sistema": "Sistema de gestión del POSEI",
        "organismo": 39053,
        "codigo": "SAGA",
        "url": null,
        "descripcion": "",
        "finalidad": "Sistema de Gestión de las ayudas del Programa de opciones específicas por la lejanía y la insularidad (POSEI).",
        "observaciones": "",
        "tema": "AGR",
        "es_corporativo": false,
        "es_subsistema_de": null,
        "especial_importancia": false,
        "familia": "UNK",
        "icono_height": 0,
        "icono_width": 0,
        "icono": "",
        "created": "2025-11-24T10:20:18.231Z",
        "updated": "2025-11-24T10:20:18.254Z",
        "archived": null
    }
},
{
    "model": "sistemas.sistema",
    "pk": 41,
    "fields": {
        "uuid_sistema": "a777ded4-0538-4121-88bb-adfc987ce259",
        "nombre_sistema": "Sistema de gestión del POSEICAN",
        "organismo": 39153,
        "codigo": "POSEICAN",
        "url": null,
        "descripcion": "",
        "finalidad": "Sistema de gestión de las ayudas del POSEICAN",
        "observaciones": "",
        "tema": "PES",
        "es_corporativo": false,
        "es_subsistema_de": null,
        "especial_importancia": false,
        "familia": "UNK",
        "icono_height": 0,
        "icono_width": 0,
        "icono": "",
        "created": "2025-11-24T10:20:18.231Z",
        "updated": "2025-11-24T10:20:18.254Z",
        "archived": null
    }
},
{
    "model": "sistemas.sistema",
    "pk": 42,
    "fields": {
        "uuid_sistema": "c145ade6-0199-4860-994f-74f8ce75ff37",
        "nombre_sistema": "Sistema de gestión de parcelas agrícolas de Canarias",
        "organismo": 39053,
        "codigo": "SIGPAC",
        "url": null,
        "descripcion": "",
        "finalidad": "Sistema para la gestión de parcelas agrícolas",
        "observaciones": "Gestionada por GRAFCAN",
        "tema": "AGR",
        "es_corporativo": false,
        "es_subsistema_de": null,
        "especial_importancia": false,
        "familia": "UNK",
        "icono_height": 512,
        "icono_width": 512,
        "icono": "sistemas/iconos/2026/sigpac-logo.png",
        "created": "2025-11-24T10:20:18.231Z",
        "updated": "2026-02-26T11:23:39.585Z",
        "archived": null
    }
},
{
    "model": "sistemas.sistema",
    "pk": 43,
    "fields": {
        "uuid_sistema": "3c0ae5d6-be42-4f1b-936e-c491c73bbafe",
        "nombre_sistema": "Sistema de gestión de Ganadería",
        "organismo": 39073,
        "codigo": "BADACANA",
        "url": null,
        "descripcion": "",
        "finalidad": "Sistema de gestión del registro de animales, identificadores, movimientos, etc.",
        "observaciones": "",
        "tema": "GAN",
        "es_corporativo": false,
        "es_subsistema_de": null,
        "especial_importancia": false,
        "familia": "UNK",
        "icono_height": 0,
        "icono_width": 0,
        "icono": "",
        "created": "2025-11-24T10:20:18.231Z",
        "updated": "2025-11-24T10:20:18.254Z",
        "archived": null
    }
},
{
    "model": "sistemas.sistema",
    "pk": 44,
    "fields": {
        "uuid_sistema": "32d1ddaa-7798-44e4-b1af-66e3b7f4b55c",
        "nombre_sistema": "Centros de Día",
        "organismo": 42170,
        "codigo": "CENTROS_DIA",
        "url": null,
        "descripcion": "Solicitudes de mayores para centros de día",
        "finalidad": "Solicitudes de mayores para centros de día",
        "observaciones": "",
        "tema": "BIS",
        "es_corporativo": false,
        "es_subsistema_de": null,
        "especial_importancia": false,
        "familia": "UNK",
        "icono_height": 512,
        "icono_width": 512,
        "icono": "sistemas/iconos/2025/centros-dia-logo.png",
        "created": "2025-11-24T10:20:18.231Z",
        "updated": "2025-11-24T10:20:18.254Z",
        "archived": null
    }
},
{
    "model": "sistemas.sistema",
    "pk": 45,
    "fields": {
        "uuid_sistema": "43c13957-cb8a-484f-803a-a258446a2010",
        "nombre_sistema": "Centros de menores",
        "organismo": 42169,
        "codigo": "CENTROS_MENORES",
        "url": null,
        "descripcion": "",
        "finalidad": "Mantenimiento de centros de menores y habilitación de entidades colaboradoras",
        "observaciones": "",
        "tema": "BIS",
        "es_corporativo": false,
        "es_subsistema_de": null,
        "especial_importancia": false,
        "familia": "UNK",
        "icono_height": 512,
        "icono_width": 512,
        "icono": "sistemas/iconos/2025/centros-menores-logo.png",
        "created": "2025-11-24T10:20:18.231Z",
        "updated": "2025-11-24T10:20:18.254Z",
        "archived": null
    }
},
{
    "model": "sistemas.sistema",
    "pk": 46,
    "fields": {
        "uuid_sistema": "5e7234ee-4ed0-4269-8762-b2273bf4a6ec",
        "nombre_sistema": "Familias Numerosas",
        "organismo": 42169,
        "codigo": "FAMNUM",
        "url": null,
        "descripcion": "Gestión de expedientes de Familia Numerosa",
        "finalidad": "Gestión de expedientes de Familia Numerosa",
        "observaciones": "",
        "tema": "BIS",
        "es_corporativo": false,
        "es_subsistema_de": null,
        "especial_importancia": false,
        "familia": "UNK",
        "icono_height": 0,
        "icono_width": 0,
        "icono": "",
        "created": "2025-11-24T10:20:18.231Z",
        "updated": "2025-11-24T10:20:18.254Z",
        "archived": null
    }
},
{
    "model": "sistemas.sistema",
    "pk": 47,
    "fields": {
        "uuid_sistema": "227ef728-bb0d-4c70-a87e-5009b05131a5",
        "nombre_sistema": "GPorta",
        "organismo": null,
        "codigo": "GPorta",
        "url": null,
        "descripcion": "",
        "finalidad": "Circuito de firma para procedimientos y comunicaciones internas.",
        "observaciones": "",
        "tema": "UNK",
        "es_corporativo": false,
        "es_subsistema_de": null,
        "especial_importancia": false,
        "familia": "UNK",
        "icono_height": 0,
        "icono_width": 0,
        "icono": "",
        "created": "2025-11-24T10:20:18.231Z",
        "updated": "2025-11-24T10:20:18.254Z",
        "archived": null
    }
},
{
    "model": "sistemas.sistema",
    "pk": 48,
    "fields": {
        "uuid_sistema": "21ab2f7e-803e-47e9-bf02-6570c6f41db5",
        "nombre_sistema": "Discapacidad",
        "organismo": 42171,
        "codigo": "Discapacidad",
        "url": null,
        "descripcion": "Gestión de expedientes de valoración de grado de discapacidad y emisión de tarjetas de estacionamiento",
        "finalidad": "Valoración de grado de discapacidad y emisión de tarjetas de estacionamiento",
        "observaciones": "",
        "tema": "BIS",
        "es_corporativo": false,
        "es_subsistema_de": null,
        "especial_importancia": false,
        "familia": "UNK",
        "icono_height": 0,
        "icono_width": 0,
        "icono": "",
        "created": "2025-11-24T10:20:18.231Z",
        "updated": "2025-11-24T10:20:18.254Z",
        "archived": null
    }
},
{
    "model": "sistemas.sistema",
    "pk": 49,
    "fields": {
        "uuid_sistema": "6a8516c0-8fa8-4606-969a-e616ac3244ea",
        "nombre_sistema": "Inmigración",
        "organismo": 42167,
        "codigo": "INMIGRACION",
        "url": null,
        "descripcion": "",
        "finalidad": "",
        "observaciones": "",
        "tema": "BIS",
        "es_corporativo": false,
        "es_subsistema_de": null,
        "especial_importancia": false,
        "familia": "UNK",
        "icono_height": 0,
        "icono_width": 0,
        "icono": "",
        "created": "2025-11-24T10:20:18.231Z",
        "updated": "2025-11-24T10:20:18.254Z",
        "archived": null
    }
},
{
    "model": "sistemas.sistema",
    "pk": 50,
    "fields": {
        "uuid_sistema": "0aa531f4-a65b-4492-9aec-d05c6b12a1f7",
        "nombre_sistema": "Entidades",
        "organismo": null,
        "codigo": "ENTIDADES",
        "url": null,
        "descripcion": "",
        "finalidad": "Registro de Entidades",
        "observaciones": "",
        "tema": "UNK",
        "es_corporativo": false,
        "es_subsistema_de": null,
        "especial_importancia": false,
        "familia": "UNK",
        "icono_height": 0,
        "icono_width": 0,
        "icono": "",
        "created": "2025-11-24T10:20:18.231Z",
        "updated": "2025-11-24T10:20:18.254Z",
        "archived": null
    }
},
{
    "model": "sistemas.sistema",
    "pk": 51,
    "fields": {
        "uuid_sistema": "b549a5cb-0d24-4085-bca7-b10f8c585ab0",
        "nombre_sistema": "Escuelas Infantiles",
        "organismo": 42169,
        "codigo": "ESC_INFANTIL",
        "url": null,
        "descripcion": "",
        "finalidad": "Gestión de plazas en centros infantiles",
        "observaciones": "",
        "tema": "BIS",
        "es_corporativo": false,
        "es_subsistema_de": null,
        "especial_importancia": false,
        "familia": "UNK",
        "icono_height": 0,
        "icono_width": 0,
        "icono": "",
        "created": "2025-11-24T10:20:18.231Z",
        "updated": "2025-11-24T10:20:18.254Z",
        "archived": null
    }
},
{
    "model": "sistemas.sistema",
    "pk": 52,
    "fields": {
        "uuid_sistema": "40421b48-ec74-4068-8ecf-b67f7283a3de",
        "nombre_sistema": "Expedientes de Asesoría Jurídica",
        "organismo": 42172,
        "codigo": "EXP_JUR",
        "url": null,
        "descripcion": "",
        "finalidad": "Expedientes de Asesoría Jurídica",
        "observaciones": "",
        "tema": "BIS",
        "es_corporativo": false,
        "es_subsistema_de": null,
        "especial_importancia": false,
        "familia": "UNK",
        "icono_height": 0,
        "icono_width": 0,
        "icono": "",
        "created": "2025-11-24T10:20:18.231Z",
        "updated": "2025-11-24T10:20:18.254Z",
        "archived": null
    }
},
{
    "model": "sistemas.sistema",
    "pk": 53,
    "fields": {
        "uuid_sistema": "d8b5dfda-755d-491c-9c00-fa5d73895948",
        "nombre_sistema": "Intercambio de Ficheros Ministerios",
        "organismo": 38691,
        "codigo": "INTEROP_FM",
        "url": null,
        "descripcion": "Intercambio de Ficheros Ministerios. Incluye el 990, el TSD, estadísticas de prestaciones, etc.\r\n\r\nTSD Puede ser la [Tarjeta Social Digital](https://www.tarjetasocialdigital.es)?",
        "finalidad": "Envío de datos al Ministerio",
        "observaciones": "",
        "tema": "BIS",
        "es_corporativo": false,
        "es_subsistema_de": null,
        "especial_importancia": false,
        "familia": "UNK",
        "icono_height": 0,
        "icono_width": 0,
        "icono": "",
        "created": "2025-11-24T10:20:18.231Z",
        "updated": "2025-11-24T10:20:18.254Z",
        "archived": null
    }
},
{
    "model": "sistemas.sistema",
    "pk": 54,
    "fields": {
        "uuid_sistema": "251203de-397a-44ea-9a1a-4f5cd5c57cdb",
        "nombre_sistema": "Subvención ITC",
        "organismo": null,
        "codigo": "SUB_ITC",
        "url": null,
        "descripcion": "Subvención ITC",
        "finalidad": "",
        "observaciones": "",
        "tema": "UNK",
        "es_corporativo": false,
        "es_subsistema_de": null,
        "especial_importancia": false,
        "familia": "UNK",
        "icono_height": 0,
        "icono_width": 0,
        "icono": "",
        "created": "2025-11-24T10:20:18.231Z",
        "updated": "2025-11-24T10:20:18.254Z",
        "archived": null
    }
},
{
    "model": "sistemas.sistema",
    "pk": 55,
    "fields": {
        "uuid_sistema": "f011cf03-dd14-4506-a529-5a69c1366d02",
        "nombre_sistema": "Gestión administrativa y académica en los centros educativos",
        "organismo": 42126,
        "codigo": "PINCEL",
        "url": "https://www.gobiernodecanarias.org/educacion/PEKWEB/Ekade/",
        "descripcion": "Gestión administrativa y académica en los centros educativos",
        "finalidad": "",
        "observaciones": "",
        "tema": "UNK",
        "es_corporativo": false,
        "es_subsistema_de": null,
        "especial_importancia": false,
        "familia": "_NA",
        "icono_height": 512,
        "icono_width": 512,
        "icono": "sistemas/iconos/2026/pincel-logo.png",
        "created": "2025-11-24T10:20:18.231Z",
        "updated": "2026-04-13T09:52:53.778Z",
        "archived": null
    }
},
{
    "model": "sistemas.sistema",
    "pk": 56,
    "fields": {
        "uuid_sistema": "123a3d90-a6a6-411c-89eb-30b45458f1c0",
        "nombre_sistema": "Gestión de centros e infraestructuras",
        "organismo": 42128,
        "codigo": "GESTCENTROS",
        "url": null,
        "descripcion": "Gestión de centros e infraestructuras educativas",
        "finalidad": "Gestión de centros e infrastestructuras educativas",
        "observaciones": "",
        "tema": "EDU",
        "es_corporativo": false,
        "es_subsistema_de": null,
        "especial_importancia": false,
        "familia": "UNK",
        "icono_height": 0,
        "icono_width": 0,
        "icono": "",
        "created": "2025-11-24T10:20:18.231Z",
        "updated": "2025-11-24T10:20:18.254Z",
        "archived": null
    }
},
{
    "model": "sistemas.sistema",
    "pk": 57,
    "fields": {
        "uuid_sistema": "889805b6-4eae-448e-aefc-085b029ff1d7",
        "nombre_sistema": "Programa Económico Actividad ESSSCAN",
        "organismo": 6564,
        "codigo": "ESSSCAN_ECO",
        "url": null,
        "descripcion": "",
        "finalidad": "Gestión del registro contable, la gestión financiera-económica, el control de costes y los datos vinculados con las nóminas de los trabajadores de la Escuela.",
        "observaciones": "",
        "tema": "CTB",
        "es_corporativo": false,
        "es_subsistema_de": null,
        "especial_importancia": false,
        "familia": "UNK",
        "icono_height": 0,
        "icono_width": 0,
        "icono": "",
        "created": "2025-11-24T10:20:18.231Z",
        "updated": "2025-11-24T10:20:18.254Z",
        "archived": null
    }
},
{
    "model": "sistemas.sistema",
    "pk": 58,
    "fields": {
        "uuid_sistema": "11f66c9f-fb9b-4dcd-8908-7fdef108180d",
        "nombre_sistema": "Share ESSSCAN",
        "organismo": 6564,
        "codigo": "ESSSCAN_SHARE",
        "url": null,
        "descripcion": "",
        "finalidad": "Sistema que administra todo el contenido relacionado con los proyectos formativos gestionados por la Entidad, al que tiene acceso toda la organización al constituir un almacenamiento compartido en la nube.",
        "observaciones": "",
        "tema": "SAN",
        "es_corporativo": false,
        "es_subsistema_de": null,
        "especial_importancia": false,
        "familia": "UNK",
        "icono_height": 0,
        "icono_width": 0,
        "icono": "",
        "created": "2025-11-24T10:20:18.231Z",
        "updated": "2025-11-24T10:20:18.254Z",
        "archived": null
    }
},
{
    "model": "sistemas.sistema",
    "pk": 59,
    "fields": {
        "uuid_sistema": "44a2ad30-9073-4eef-b0a8-42b1f597ec37",
        "nombre_sistema": "Precio máximo de privada - Servicio de promoción privada",
        "organismo": 37152,
        "codigo": "PMPRIV",
        "url": null,
        "descripcion": "",
        "finalidad": "Precio de venta de una vivienda privada protegida",
        "observaciones": "",
        "tema": "VIV",
        "es_corporativo": false,
        "es_subsistema_de": null,
        "especial_importancia": false,
        "familia": "UNK",
        "icono_height": 0,
        "icono_width": 0,
        "icono": "",
        "created": "2025-11-24T10:20:18.231Z",
        "updated": "2025-11-24T10:20:18.254Z",
        "archived": null
    }
},
{
    "model": "sistemas.sistema",
    "pk": 60,
    "fields": {
        "uuid_sistema": "20181c5f-fb56-4a3b-93cc-bdf9fee5d6d4",
        "nombre_sistema": "Adquisición de Vivienda Joven",
        "organismo": 37152,
        "codigo": "AVJ",
        "url": null,
        "descripcion": "Gestión de las ayudas económicas a la adquisición de vivienda para jovenes",
        "finalidad": "Ayudas económicas a la adquisición de vivienda para jovenes",
        "observaciones": "",
        "tema": "VIV",
        "es_corporativo": false,
        "es_subsistema_de": null,
        "especial_importancia": false,
        "familia": "F05",
        "icono_height": 512,
        "icono_width": 512,
        "icono": "sistemas/iconos/2025/avj-logo.png",
        "created": "2025-11-24T10:20:18.231Z",
        "updated": "2025-11-24T10:20:18.254Z",
        "archived": null
    }
},
{
    "model": "sistemas.sistema",
    "pk": 61,
    "fields": {
        "uuid_sistema": "1878a1da-562a-489c-8b81-f6190ebb57b6",
        "nombre_sistema": "Justiniano",
        "organismo": 37152,
        "codigo": "JUSTINIANO",
        "url": null,
        "descripcion": "Gestión de recursos judiciales del Instituto Canario de la Vivienda",
        "finalidad": "Gestión de recursos judiciales",
        "observaciones": "",
        "tema": "VIV",
        "es_corporativo": false,
        "es_subsistema_de": null,
        "especial_importancia": false,
        "familia": "UNK",
        "icono_height": 512,
        "icono_width": 512,
        "icono": "sistemas/iconos/2025/justiniano-logo.png",
        "created": "2025-11-24T10:20:18.231Z",
        "updated": "2025-11-24T10:20:18.254Z",
        "archived": null
    }
},
{
    "model": "sistemas.sistema",
    "pk": 62,
    "fields": {
        "uuid_sistema": "c41f49f3-9092-469c-b3ff-8be853504dd4",
        "nombre_sistema": "Registro de Planeamiento de Canarias",
        "organismo": 42138,
        "codigo": "RPC",
        "url": null,
        "descripcion": "",
        "finalidad": "Sistema para el registro de la información del planeamiento en los municipios de Canarias",
        "observaciones": "",
        "tema": "OTE",
        "es_corporativo": false,
        "es_subsistema_de": null,
        "especial_importancia": false,
        "familia": "UNK",
        "icono_height": 0,
        "icono_width": 0,
        "icono": "",
        "created": "2025-11-24T10:20:18.231Z",
        "updated": "2025-11-24T10:20:18.254Z",
        "archived": null
    }
},
{
    "model": "sistemas.sistema",
    "pk": 63,
    "fields": {
        "uuid_sistema": "efd586a6-9aac-4292-adbd-24f2bd4de8cd",
        "nombre_sistema": "Aplicación de Consulta del Archivo de Planeamiento",
        "organismo": 42138,
        "codigo": "ACAP",
        "url": null,
        "descripcion": "Aplicación que permite la consulta y gestión sobre la información recogida en el RPC y el seguimiento de las actuaciones relativas a esto",
        "finalidad": "Permitir la consulta y gestión de la información recogida en el RPC",
        "observaciones": "",
        "tema": "OTE",
        "es_corporativo": false,
        "es_subsistema_de": null,
        "especial_importancia": false,
        "familia": "UNK",
        "icono_height": 0,
        "icono_width": 0,
        "icono": "",
        "created": "2025-11-24T10:20:18.231Z",
        "updated": "2025-11-24T10:20:18.254Z",
        "archived": null
    }
},
{
    "model": "sistemas.sistema",
    "pk": 64,
    "fields": {
        "uuid_sistema": "6ff70bc7-1d5d-40eb-bbaa-ff363caa79f9",
        "nombre_sistema": "Sistema Información Transversal de Áreas",
        "organismo": 42142,
        "codigo": "SITA_TERRITORIO",
        "url": null,
        "descripcion": "",
        "finalidad": "Plataforma de almacenamiento de documentación, gestor documental y soporte para otros aplicativos (backoffice)",
        "observaciones": "",
        "tema": "OTE",
        "es_corporativo": false,
        "es_subsistema_de": null,
        "especial_importancia": false,
        "familia": "UNK",
        "icono_height": 0,
        "icono_width": 0,
        "icono": "",
        "created": "2025-11-24T10:20:18.231Z",
        "updated": "2025-11-24T10:20:18.254Z",
        "archived": null
    }
},
{
    "model": "sistemas.sistema",
    "pk": 65,
    "fields": {
        "uuid_sistema": "9e8ea2e4-7cce-4113-8c7a-5e9817d92818",
        "nombre_sistema": "Proyectos PTCTA",
        "organismo": 42138,
        "codigo": "PROYECTOS_PTCTA",
        "url": null,
        "descripcion": "Redmine PTCTA",
        "finalidad": "Control de proyectos de soporte o gestión con empresas proveedoras",
        "observaciones": "",
        "tema": "OTE",
        "es_corporativo": false,
        "es_subsistema_de": null,
        "especial_importancia": false,
        "familia": "UNK",
        "icono_height": 0,
        "icono_width": 0,
        "icono": "",
        "created": "2025-11-24T10:20:18.231Z",
        "updated": "2025-11-24T10:20:18.254Z",
        "archived": null
    }
},
{
    "model": "sistemas.sistema",
    "pk": 66,
    "fields": {
        "uuid_sistema": "982d1820-e0e2-4f03-bbb8-225bb1ab7417",
        "nombre_sistema": "Catálogo de Aplicaciones, Servidores, Portales, Empresas y  Responsable de la CTEEN",
        "organismo": 42164,
        "codigo": "CASPER",
        "url": null,
        "descripcion": "Aplicación encargada de gestionar todas las entidades que figuran en su nombre además de los distintos conjuntos de tipos de certificados asociados a las aplicaciones y sus servidores.",
        "finalidad": "Gestionar todas las entidades que figuran en su nombre además de los distintos conjuntos de tipos de certificados asociados a las aplicaciones y sus servidores.",
        "observaciones": "",
        "tema": "TEC",
        "es_corporativo": false,
        "es_subsistema_de": null,
        "especial_importancia": false,
        "familia": "F13",
        "icono_height": 512,
        "icono_width": 512,
        "icono": "sistemas/iconos/2026/casper-logo.png",
        "created": "2025-11-24T10:20:18.231Z",
        "updated": "2026-02-26T12:37:26.570Z",
        "archived": null
    }
},
{
    "model": "sistemas.sistema",
    "pk": 67,
    "fields": {
        "uuid_sistema": "e02dd18d-a05e-47a4-930f-ef3eee411bef",
        "nombre_sistema": "Redmine de gestión de proyectos de la consejería",
        "organismo": 42164,
        "codigo": "GESVER",
        "url": null,
        "descripcion": "Aplicación encargada de gestionar todas las entidades que figuran en su nombre además de los distintos conjuntos de tipos de certificados asociados a las aplicaciones y sus servidores.",
        "finalidad": "Realizar el seguimiento y control de  proyectos de la Consejería",
        "observaciones": "",
        "tema": "TEC",
        "es_corporativo": false,
        "es_subsistema_de": null,
        "especial_importancia": false,
        "familia": "UNK",
        "icono_height": 0,
        "icono_width": 0,
        "icono": "",
        "created": "2025-11-24T10:20:18.231Z",
        "updated": "2025-11-24T10:20:18.254Z",
        "archived": null
    }
},
{
    "model": "sistemas.sistema",
    "pk": 68,
    "fields": {
        "uuid_sistema": "34fc2ef7-78f9-4a36-ae0c-673aaef70967",
        "nombre_sistema": "Gestión de activos de Microinformática",
        "organismo": 42164,
        "codigo": "GAMI",
        "url": null,
        "descripcion": "GAMi da respuesta a las necesidades de gestión de PCs, portátiles, monitores, impresoras, etc. asignados al personal de la Consejería.",
        "finalidad": "Gestión de PCs, portátiles, monitores, impresoras, etc. asignados al personal",
        "observaciones": "",
        "tema": "TEC",
        "es_corporativo": false,
        "es_subsistema_de": null,
        "especial_importancia": false,
        "familia": "UNK",
        "icono_height": 0,
        "icono_width": 0,
        "icono": "",
        "created": "2025-11-24T10:20:18.231Z",
        "updated": "2025-11-24T10:20:18.254Z",
        "archived": null
    }
},
{
    "model": "sistemas.sistema",
    "pk": 69,
    "fields": {
        "uuid_sistema": "0fa07cb1-70db-4d6b-a6d6-82cd03fc5aa1",
        "nombre_sistema": "Central de usuarios",
        "organismo": 42164,
        "codigo": "CEUS",
        "url": null,
        "descripcion": "Consola web para la gestión centralizada de usuarios y aplicaciones de la Consejería.",
        "finalidad": "Gestión centralizada de usuarios y aplicaciones de la Consejería",
        "observaciones": "",
        "tema": "TEC",
        "es_corporativo": false,
        "es_subsistema_de": null,
        "especial_importancia": false,
        "familia": "UNK",
        "icono_height": 0,
        "icono_width": 0,
        "icono": "",
        "created": "2025-11-24T10:20:18.231Z",
        "updated": "2025-11-24T10:20:18.254Z",
        "archived": null
    }
},
{
    "model": "sistemas.sistema",
    "pk": 70,
    "fields": {
        "uuid_sistema": "b431def1-6184-4ad6-bc9e-9927b9caaa3e",
        "nombre_sistema": "BackOffice de gestión de expedientes de la D.G. Energía (1)",
        "organismo": 42163,
        "codigo": "CANDELA",
        "url": null,
        "descripcion": "Gestión de expedientes electrónicos de distintos servicios de la D.G. Energía.\r\n\r\nSubvenciones: MOVES III y Fondos FEDER\r\n\r\nSe encuentra dentro del ecosistema de SITA.",
        "finalidad": "Gestión de expedientes electrónicos de distintos servicios de la D.G. Energía",
        "observaciones": "",
        "tema": "ENG",
        "es_corporativo": false,
        "es_subsistema_de": null,
        "especial_importancia": false,
        "familia": "F13",
        "icono_height": 0,
        "icono_width": 0,
        "icono": "",
        "created": "2025-11-24T10:20:18.231Z",
        "updated": "2025-11-24T10:20:18.254Z",
        "archived": null
    }
},
{
    "model": "sistemas.sistema",
    "pk": 71,
    "fields": {
        "uuid_sistema": "6e28f140-c141-4f6b-b08d-c12173094bc8",
        "nombre_sistema": "BackOffice de gestión de expedientes de la D.G. Energía (2)",
        "organismo": 42163,
        "codigo": "SINERGIA",
        "url": null,
        "descripcion": "Gestión de expedientes electrónicos de distintos servicios de la D.G. Energía.\r\n\r\nLey 6/2022, de 27 de diciembre, de cambio climático y transición energética de Canarias.",
        "finalidad": "Gestión de expedientes electrónicos de distintos servicios de la D.G. Energía",
        "observaciones": "",
        "tema": "ENG",
        "es_corporativo": false,
        "es_subsistema_de": null,
        "especial_importancia": false,
        "familia": "UNK",
        "icono_height": 0,
        "icono_width": 0,
        "icono": "",
        "created": "2025-11-24T10:20:18.231Z",
        "updated": "2025-11-24T10:20:18.254Z",
        "archived": null
    }
},
{
    "model": "sistemas.sistema",
    "pk": 72,
    "fields": {
        "uuid_sistema": "0962ac86-c276-4725-9b44-d85e609c2fbe",
        "nombre_sistema": "Observatorio de la Energía de Canarias",
        "organismo": 42163,
        "codigo": "OECAN",
        "url": null,
        "descripcion": "Página Web del Observatorio de la Energía de Canarias.\r\n\r\n Reglamento Orgánico de la Consejería de Transición Ecológica y Energía",
        "finalidad": "Gestión de la página Web del Observatorio de la Energía de Canarias.",
        "observaciones": "",
        "tema": "ENG",
        "es_corporativo": false,
        "es_subsistema_de": null,
        "especial_importancia": false,
        "familia": "UNK",
        "icono_height": 0,
        "icono_width": 0,
        "icono": "",
        "created": "2025-11-24T10:20:18.231Z",
        "updated": "2025-11-24T10:20:18.254Z",
        "archived": null
    }
},
{
    "model": "sistemas.sistema",
    "pk": 73,
    "fields": {
        "uuid_sistema": "ab611ec5-44e4-456c-84d0-f1565c4196bf",
        "nombre_sistema": "Registro Canario de Infractores de Caza",
        "organismo": 42162,
        "codigo": "RICAZA",
        "url": null,
        "descripcion": "Aplicación que da soporte de forma electrónica a la normativa sobre registro de datos de cazadores que comenten infracciones en sus actividades, por tanto es un registro que contiene datos de carácter personal.\r\n\r\nOrden de 17 de agosto de 2009",
        "finalidad": "Registro de cazadores que comenten infracciones en sus actividades",
        "observaciones": "",
        "tema": "FYF",
        "es_corporativo": false,
        "es_subsistema_de": null,
        "especial_importancia": false,
        "familia": "F11",
        "icono_height": 0,
        "icono_width": 0,
        "icono": "",
        "created": "2025-11-24T10:20:18.231Z",
        "updated": "2025-11-24T10:20:18.254Z",
        "archived": null
    }
},
{
    "model": "sistemas.sistema",
    "pk": 74,
    "fields": {
        "uuid_sistema": "7e69aa8f-5a97-4347-8897-8f88de8a5817",
        "nombre_sistema": "Red Canaria de Alerta Temprana de Especies Exóticas Invasoras",
        "organismo": 42162,
        "codigo": "REDEXOS",
        "url": null,
        "descripcion": "Aplicación que almacena datos y fotografías de avistamientos de fauna y flora no autóctona. Incluye mecanismo de notificación de avistamientos.\r\n\r\n Decreto 117/2020, de 19 de noviembre",
        "finalidad": "Almacenar datos y fotografías de avistamientos de fauna y flora no autóctona. Notificación de avistamientos.",
        "observaciones": "",
        "tema": "FYF",
        "es_corporativo": false,
        "es_subsistema_de": null,
        "especial_importancia": false,
        "familia": "UNK",
        "icono_height": 512,
        "icono_width": 512,
        "icono": "sistemas/iconos/2025/redexos-logo.png",
        "created": "2025-11-24T10:20:18.231Z",
        "updated": "2025-11-24T10:20:18.254Z",
        "archived": null
    }
},
{
    "model": "sistemas.sistema",
    "pk": 75,
    "fields": {
        "uuid_sistema": "04668f8f-ceea-4dfa-bec1-629071ff7f3e",
        "nombre_sistema": "Boletín Oficial de Canarias",
        "organismo": 42121,
        "codigo": "BOC",
        "url": null,
        "descripcion": "",
        "finalidad": "Gestionar el Boletín Oficial de Canarias",
        "observaciones": "",
        "tema": "EOA",
        "es_corporativo": true,
        "es_subsistema_de": null,
        "especial_importancia": true,
        "familia": "F13",
        "icono_height": 512,
        "icono_width": 512,
        "icono": "sistemas/iconos/2025/geboc-logo.png",
        "created": "2025-11-24T10:20:18.231Z",
        "updated": "2026-01-27T09:20:17.477Z",
        "archived": null
    }
},
{
    "model": "sistemas.sistema",
    "pk": 76,
    "fields": {
        "uuid_sistema": "1658f6e4-5676-4453-9233-3106e5d4515a",
        "nombre_sistema": "Red de Observadores del Medio Marino en Canarias",
        "organismo": 42162,
        "codigo": "REDPROMAR",
        "url": null,
        "descripcion": "Sistema de vigilancia y registro de información de todos los organismos marinos de Canarias utilizando el concepto de “Ciencia ciudadana”.\r\n\r\nResolución nº 320 de 22 de junio de 2015 \r\n\r\n- Serv.J De Instalaciones energéticas\r\n- Serv. De Eficiencia Energética - UNIDAD ADMINISTRATIVA\r\n- Serv. De Eficiencia Energética",
        "finalidad": "Vigilancia y registro de información de los organismos marinos de Canarias",
        "observaciones": "",
        "tema": "FYF",
        "es_corporativo": false,
        "es_subsistema_de": null,
        "especial_importancia": false,
        "familia": "UNK",
        "icono_height": 512,
        "icono_width": 512,
        "icono": "sistemas/iconos/2025/redpromar-logo.png",
        "created": "2025-11-24T10:20:18.231Z",
        "updated": "2025-11-24T10:20:18.254Z",
        "archived": null
    }
},
{
    "model": "sistemas.sistema",
    "pk": 78,
    "fields": {
        "uuid_sistema": "95b9e6cf-72ec-4ac1-9d06-9429e8f297cf",
        "nombre_sistema": "Sinca",
        "organismo": 42093,
        "codigo": "SINCA",
        "url": null,
        "descripcion": "**Sinca** (Sistema de Intermediación de Datos de Canarias) es la nueva plataforma del Gobierno de Canarias, diseñada para centralizar y facilitar el acceso a los servicios de intermediación de datos. Esta aplicación constituye una evolución del sistema anterior, integrando los datos proporcionados por la Plataforma de Intermediación de Datos (PID) de la Administración Central, así como otros datos gestionados exclusivamente por entidades del Gobierno de Canarias u otras entidades locales.\r\n\r\nEl objetivo de Sinca es mejorar el intercambio de información entre las administraciones públicas, tanto a nivel autonómico como estatal, asegurando un acceso eficiente y seguro a los datos necesarios para la gestión de trámites. \r\n\r\nEsta plataforma permite la consulta de información clave como datos de identidad, residencia, vehículos, títulos educativos, entre otros, optimizando los procedimientos administrativos y reduciendo los tiempos de respuesta.",
        "finalidad": "Facillitar el intercambio de información entre las administraciones públicas, tanto a nivel autonómico como estatal",
        "observaciones": "",
        "tema": "TRD",
        "es_corporativo": true,
        "es_subsistema_de": null,
        "especial_importancia": true,
        "familia": "UNK",
        "icono_height": 512,
        "icono_width": 512,
        "icono": "sistemas/iconos/2025/sinca-logo.png",
        "created": "2025-11-24T10:20:18.231Z",
        "updated": "2025-11-24T10:20:18.254Z",
        "archived": null
    }
},
{
    "model": "sistemas.sistema",
    "pk": 79,
    "fields": {
        "uuid_sistema": "ec6e56af-b597-4188-97ea-38baddb3b464",
        "nombre_sistema": "Control horario",
        "organismo": 41567,
        "codigo": "SICHO",
        "url": null,
        "descripcion": "Sistema informático corporativo que soporte la gestión del sistema de control de acceso, permanencia y salida del personal al servicio de la APCAC",
        "finalidad": "Gestión de las vacaciones, permisos, licencias y control de la jornada y horario de trabajo, incluida la prestación de servicios en la modalidad de teletrabajo, del personal al servicio de la Administración Pública de la Comunidad Autónoma de Canarias.",
        "observaciones": "",
        "tema": "RHU",
        "es_corporativo": true,
        "es_subsistema_de": null,
        "especial_importancia": true,
        "familia": "F06",
        "icono_height": 225,
        "icono_width": 225,
        "icono": "sistemas/iconos/2025/sicho-logo.png",
        "created": "2025-11-24T10:32:54.772Z",
        "updated": "2025-11-24T10:45:10.739Z",
        "archived": null
    }
},
{
    "model": "sistemas.sistema",
    "pk": 80,
    "fields": {
        "uuid_sistema": "0ca60d06-9c5b-4b2c-a91a-e8cc52ef62b7",
        "nombre_sistema": "Gestión de nóminas M4",
        "organismo": 41567,
        "codigo": "NOMINA",
        "url": null,
        "descripcion": "Meta 4?",
        "finalidad": "Cálculo de la nómina del personal al servicio de la Administración Pública de la Comunidad Autónoma de Canarias",
        "observaciones": "",
        "tema": "RHU",
        "es_corporativo": false,
        "es_subsistema_de": null,
        "especial_importancia": false,
        "familia": "F06",
        "icono_height": 512,
        "icono_width": 513,
        "icono": "sistemas/iconos/2025/nomina-logo.png",
        "created": "2025-11-24T11:11:23.399Z",
        "updated": "2025-11-24T11:27:06.784Z",
        "archived": null
    }
},
{
    "model": "sistemas.sistema",
    "pk": 81,
    "fields": {
        "uuid_sistema": "637e11d3-8a8b-4b6a-a784-698f53435ad6",
        "nombre_sistema": "Sistema de gestión integral de seguridad canaria",
        "organismo": 42122,
        "codigo": "SIGESCA",
        "url": null,
        "descripcion": "Establecer los criterios y medios que hagan posible un sistema de información recíproco, en el marco de la coordinación de las Policías Locales. Proporcionar a los Cuerpos de Policía Local la información necesaria para la prestación de los servicios así como ponerla a disposición de las Fuerzas y Cuerpos de Seguridad del Estado. Promover un sistema estadístico y de información y análisis que puedan interesar para las actuaciones de las Administraciones y de las policías relativas a la seguridad ciudadana, su agrupación común para que resulten comparables, y el intercambio de la información con la Administración General del Estado. Promover la planificación de los servicios, el empleo eficiente de los recursos, la integración de las bases de datos policiales y la homogenización de organizaciones, métodos y procedimientos de actuación.",
        "finalidad": "Mejorar la operatividad, gestión y coordinación del trabajo policial a través del acceso a una base de datos común entre la Policía Local y el Cuerpo General de la Policía Canaria.",
        "observaciones": "",
        "tema": "TRD",
        "es_corporativo": false,
        "es_subsistema_de": null,
        "especial_importancia": false,
        "familia": "_NA",
        "icono_height": 512,
        "icono_width": 513,
        "icono": "sistemas/iconos/2025/sigesca-logo.png",
        "created": "2025-11-24T12:50:17.865Z",
        "updated": "2025-11-24T13:01:49.369Z",
        "archived": null
    }
},
{
    "model": "sistemas.sistema",
    "pk": 82,
    "fields": {
        "uuid_sistema": "d6bdd66a-c7e9-4a39-bbfe-548a2ee500cd",
        "nombre_sistema": "Sistema Integrado de Gestión Bibliotecaria",
        "organismo": 42154,
        "codigo": "ABSYSNET",
        "url": null,
        "descripcion": "",
        "finalidad": "Gestión de la Red de Bibliotecas",
        "observaciones": "",
        "tema": "CUL",
        "es_corporativo": false,
        "es_subsistema_de": null,
        "especial_importancia": false,
        "familia": "_NA",
        "icono_height": 512,
        "icono_width": 512,
        "icono": "sistemas/iconos/2026/absysnet-logo.png",
        "created": "2026-02-12T11:50:05.072Z",
        "updated": "2026-02-12T12:10:48.968Z",
        "archived": null
    }
},
{
    "model": "sistemas.sistema",
    "pk": 83,
    "fields": {
        "uuid_sistema": "52204424-b78b-48de-8521-9b35715556fb",
        "nombre_sistema": "Acceso a los datos",
        "organismo": 38691,
        "codigo": "MOODLE",
        "url": null,
        "descripcion": "",
        "finalidad": "Plataforma habilitada por la ACCUEE donde se le da acceso a los solicitantes a los datos.",
        "observaciones": "",
        "tema": "EDU",
        "es_corporativo": false,
        "es_subsistema_de": null,
        "especial_importancia": false,
        "familia": "_NA",
        "icono_height": 0,
        "icono_width": 0,
        "icono": "",
        "created": "2026-02-26T10:26:41.756Z",
        "updated": "2026-02-26T10:26:41.756Z",
        "archived": null
    }
},
{
    "model": "sistemas.sistema",
    "pk": 84,
    "fields": {
        "uuid_sistema": "d81a27f2-c1bd-40e2-b494-3e5256c5bed9",
        "nombre_sistema": "FPI (Tesis y ayudas predoctorales)",
        "organismo": 42158,
        "codigo": "TESIS",
        "url": null,
        "descripcion": "",
        "finalidad": "Ayudas transferidas a entidades colaboradoras: ULL, ULPGC, FIISC, CSIC, para contratación predoctoral de personal investigador dentro de un programa oficial de Doctorado en Canarias.",
        "observaciones": "",
        "tema": "IDI",
        "es_corporativo": false,
        "es_subsistema_de": null,
        "especial_importancia": false,
        "familia": "F05",
        "icono_height": 0,
        "icono_width": 0,
        "icono": "",
        "created": "2026-03-04T10:18:01.235Z",
        "updated": "2026-03-04T10:18:01.235Z",
        "archived": null
    }
},
{
    "model": "sistemas.sistema",
    "pk": 85,
    "fields": {
        "uuid_sistema": "e838483e-cbcb-44d1-9798-669e7adccdcd",
        "nombre_sistema": "Subvenciones para estancias breves",
        "organismo": 42158,
        "codigo": "EST",
        "url": null,
        "descripcion": "Gestión de subvenciones para estancias breves.",
        "finalidad": "Subvenciones para Estancias breves",
        "observaciones": "",
        "tema": "IDI",
        "es_corporativo": false,
        "es_subsistema_de": null,
        "especial_importancia": false,
        "familia": "F05",
        "icono_height": 0,
        "icono_width": 0,
        "icono": "",
        "created": "2026-03-04T12:06:58.357Z",
        "updated": "2026-03-04T12:06:58.357Z",
        "archived": null
    }
},
{
    "model": "sistemas.sistema",
    "pk": 86,
    "fields": {
        "uuid_sistema": "228a914a-3cdd-45d1-a0be-fa6549558524",
        "nombre_sistema": "Programa Tecnólogos / IPI - Incorporación de personal innovador",
        "organismo": 42158,
        "codigo": "IPI",
        "url": null,
        "descripcion": "",
        "finalidad": "Subvenciones para la Incorporación de Personal Innovador al Tejido Productivo",
        "observaciones": "",
        "tema": "IDI",
        "es_corporativo": false,
        "es_subsistema_de": null,
        "especial_importancia": false,
        "familia": "F05",
        "icono_height": 0,
        "icono_width": 0,
        "icono": "",
        "created": "2026-03-04T13:10:06.317Z",
        "updated": "2026-03-04T13:10:06.317Z",
        "archived": null
    }
},
{
    "model": "sistemas.sistema",
    "pk": 87,
    "fields": {
        "uuid_sistema": "3f26d9ed-626b-405d-9f20-9e1019e6d198",
        "nombre_sistema": "Formación para incorporación de talento",
        "organismo": 42158,
        "codigo": "DIGINNOVA",
        "url": null,
        "descripcion": "",
        "finalidad": "Subvenciones destinadas a actuaciones de formación para la incorporación de talento a las empresas y centros de investigación de Canarias, para fomentar la innovación, la sostenibilidad y la transformación digital, cofinanciadas por el FSE plus). Son subvenciones para actuaciones de formación que faciliten la incorporación de talento en empresas y centros de investigación de Canarias.",
        "observaciones": "",
        "tema": "TRD",
        "es_corporativo": false,
        "es_subsistema_de": null,
        "especial_importancia": false,
        "familia": "F05",
        "icono_height": 0,
        "icono_width": 0,
        "icono": "",
        "created": "2026-03-04T13:12:28.598Z",
        "updated": "2026-03-04T13:12:28.598Z",
        "archived": null
    }
},
{
    "model": "sistemas.sistema",
    "pk": 88,
    "fields": {
        "uuid_sistema": "249d2271-3bc1-44ce-955f-2923dbf68a86",
        "nombre_sistema": "Subvenciones empresas alta tecnología e intensivas en conocimiento",
        "organismo": 42158,
        "codigo": "EATIC",
        "url": null,
        "descripcion": "",
        "finalidad": "Subvenciones públicas a empresas de alta tecnología e intensivas en conocimiento para la realización de proyectos que utilicen el conocimiento de excelencia, los resultados de investigación y las capacidades existentes, en las áreas prioritarias de la Estrategia de Especialización Inteligente de Canarias (RIS3)",
        "observaciones": "",
        "tema": "TRD",
        "es_corporativo": false,
        "es_subsistema_de": null,
        "especial_importancia": false,
        "familia": "F05",
        "icono_height": 0,
        "icono_width": 0,
        "icono": "",
        "created": "2026-03-04T13:14:46.640Z",
        "updated": "2026-03-04T13:14:46.640Z",
        "archived": null
    }
},
{
    "model": "sistemas.sistema",
    "pk": 89,
    "fields": {
        "uuid_sistema": "de6a698b-050c-41ad-a934-6c93ef288fbb",
        "nombre_sistema": "Subvenciones para proyectos de innovación en áreas prioritarias",
        "organismo": 42158,
        "codigo": "EPIRIS",
        "url": null,
        "descripcion": "",
        "finalidad": "Gestión virtual de expedientes de la convocatoria de subvenciones a empresas para proyectos de innovación en áreas prioritarias de la estrategia de especialización inteligente y sostenible",
        "observaciones": "",
        "tema": "IDI",
        "es_corporativo": false,
        "es_subsistema_de": null,
        "especial_importancia": false,
        "familia": "F05",
        "icono_height": 0,
        "icono_width": 0,
        "icono": "",
        "created": "2026-03-04T13:16:56.516Z",
        "updated": "2026-03-04T13:16:56.516Z",
        "archived": null
    }
},
{
    "model": "sistemas.sistema",
    "pk": 90,
    "fields": {
        "uuid_sistema": "5de10f09-58d3-4b8f-9be9-b264606fd0f2",
        "nombre_sistema": "Ayudas postdoctorales programa Catalina Ruiz",
        "organismo": 42158,
        "codigo": "CATALINA",
        "url": null,
        "descripcion": "",
        "finalidad": "Ayudas del programa posdoctoral de formación de personal investigador Catalina Ruiz",
        "observaciones": "",
        "tema": "IDI",
        "es_corporativo": false,
        "es_subsistema_de": null,
        "especial_importancia": false,
        "familia": "UNK",
        "icono_height": 0,
        "icono_width": 0,
        "icono": "",
        "created": "2026-03-04T13:19:09.145Z",
        "updated": "2026-03-04T13:19:09.145Z",
        "archived": null
    }
},
{
    "model": "sistemas.sistema",
    "pk": 91,
    "fields": {
        "uuid_sistema": "8f7e1c44-5281-4b39-957c-6b98bc9db6d8",
        "nombre_sistema": "Proyectos de Innovación Social",
        "organismo": 42158,
        "codigo": "PROIS",
        "url": null,
        "descripcion": "",
        "finalidad": "Subvenciones a las entidades que desarrollen soluciones innovadoras que contribuyan a resolución de soluciones a los retos de la sociedad en materia sanitaria, demográfica, etc.",
        "observaciones": "",
        "tema": "IDI",
        "es_corporativo": false,
        "es_subsistema_de": null,
        "especial_importancia": false,
        "familia": "F05",
        "icono_height": 0,
        "icono_width": 0,
        "icono": "",
        "created": "2026-03-04T13:20:26.826Z",
        "updated": "2026-03-04T13:20:26.826Z",
        "archived": null
    }
},
{
    "model": "sistemas.sistema",
    "pk": 92,
    "fields": {
        "uuid_sistema": "af2366a3-8447-47db-97cc-f321d9094c4f",
        "nombre_sistema": "Proyectos innovadores disruptivos - STARS",
        "organismo": null,
        "codigo": "IPROIC_STARS",
        "url": null,
        "descripcion": "",
        "finalidad": "Subvenciones para el impulso de proyectos de innovación disruptiva en Canarias",
        "observaciones": "",
        "tema": "IDI",
        "es_corporativo": false,
        "es_subsistema_de": null,
        "especial_importancia": false,
        "familia": "F05",
        "icono_height": 0,
        "icono_width": 0,
        "icono": "",
        "created": "2026-03-04T13:21:58.520Z",
        "updated": "2026-03-04T13:21:58.520Z",
        "archived": null
    }
},
{
    "model": "sistemas.sistema",
    "pk": 93,
    "fields": {
        "uuid_sistema": "82e513f1-4421-4fad-9b26-9686635b62e4",
        "nombre_sistema": "Clústeres",
        "organismo": 42158,
        "codigo": "CLUSTERES",
        "url": null,
        "descripcion": "",
        "finalidad": "Subvenciones de apoyo a agrupaciones empresariales innovadoras o clústeres para la realización de actuaciones de innovación en Canarias",
        "observaciones": "",
        "tema": "IDI",
        "es_corporativo": false,
        "es_subsistema_de": null,
        "especial_importancia": false,
        "familia": "F05",
        "icono_height": 0,
        "icono_width": 0,
        "icono": "",
        "created": "2026-03-04T13:23:42.941Z",
        "updated": "2026-03-04T13:23:42.941Z",
        "archived": null
    }
},
{
    "model": "sistemas.sistema",
    "pk": 94,
    "fields": {
        "uuid_sistema": "eb2b3f88-5a8e-404f-a3f9-8076d5bf3057",
        "nombre_sistema": "Subvevenciones para la formación de gestores de la innovación",
        "organismo": 42158,
        "codigo": "GESIN",
        "url": null,
        "descripcion": "",
        "finalidad": "Gestión de expedientes de subvenciones para la formación de gestores de la innovación",
        "observaciones": "",
        "tema": "IDI",
        "es_corporativo": false,
        "es_subsistema_de": null,
        "especial_importancia": false,
        "familia": "F05",
        "icono_height": 0,
        "icono_width": 0,
        "icono": "",
        "created": "2026-03-04T13:25:11.257Z",
        "updated": "2026-03-04T13:25:11.257Z",
        "archived": null
    }
},
{
    "model": "sistemas.sistema",
    "pk": 95,
    "fields": {
        "uuid_sistema": "4dc7c21c-37a7-4bce-9bb9-471afa32d6a2",
        "nombre_sistema": "Proyectos Empresariales de Innovación Social",
        "organismo": 42158,
        "codigo": "PEIS",
        "url": null,
        "descripcion": "",
        "finalidad": "Proyectos Empresariales de Innovación Social",
        "observaciones": "",
        "tema": "IDI",
        "es_corporativo": false,
        "es_subsistema_de": null,
        "especial_importancia": false,
        "familia": "F05",
        "icono_height": 0,
        "icono_width": 0,
        "icono": "",
        "created": "2026-03-04T13:27:04.087Z",
        "updated": "2026-03-04T13:27:04.087Z",
        "archived": null
    }
},
{
    "model": "sistemas.sistema",
    "pk": 96,
    "fields": {
        "uuid_sistema": "3298576a-eb5c-40d0-9300-91b34686ca93",
        "nombre_sistema": "Arquitectura y explotación de datos",
        "organismo": 42124,
        "codigo": "EXPDAT",
        "url": null,
        "descripcion": "Explotación y estructura de datos",
        "finalidad": "Explotación y estructura de datos",
        "observaciones": "",
        "tema": "EDU",
        "es_corporativo": false,
        "es_subsistema_de": null,
        "especial_importancia": false,
        "familia": "_NA",
        "icono_height": 0,
        "icono_width": 0,
        "icono": "",
        "created": "2026-04-13T10:21:02.635Z",
        "updated": "2026-04-13T10:21:02.635Z",
        "archived": null
    }
},
{
    "model": "sistemas.sistema",
    "pk": 97,
    "fields": {
        "uuid_sistema": "954cf8ff-dda1-4850-933f-08cd02afe079",
        "nombre_sistema": "Programa de Gestión de Obras del Servicio de Planificación de Obras y Ordenación Rural",
        "organismo": 39060,
        "codigo": "CELSO",
        "url": null,
        "descripcion": "",
        "finalidad": "Certificaciones, Ejecuciones, Licitaciones del Servicio de Planificación de Obras y Ordenación Rural.",
        "observaciones": "",
        "tema": "AGR",
        "es_corporativo": false,
        "es_subsistema_de": null,
        "especial_importancia": false,
        "familia": "UNK",
        "icono_height": 0,
        "icono_width": 0,
        "icono": "",
        "created": "2026-04-26T18:01:59.299Z",
        "updated": "2026-04-26T18:01:59.299Z",
        "archived": null
    }
},
{
    "model": "sistemas.sistema",
    "pk": 99,
    "fields": {
        "uuid_sistema": "0d55d6d6-0a6c-42eb-8208-f0c28f5cbc52",
        "nombre_sistema": "Obtención del carnet usuario profesional de productos fitosanitarios",
        "organismo": 39060,
        "codigo": "FITO",
        "url": null,
        "descripcion": "",
        "finalidad": "Gestión de carnets de productos fitosanitarios",
        "observaciones": "",
        "tema": "AGR",
        "es_corporativo": false,
        "es_subsistema_de": null,
        "especial_importancia": false,
        "familia": "UNK",
        "icono_height": 0,
        "icono_width": 0,
        "icono": "",
        "created": "2026-04-26T18:09:33.380Z",
        "updated": "2026-04-26T18:09:33.380Z",
        "archived": null
    }
},
{
    "model": "sistemas.sistema",
    "pk": 101,
    "fields": {
        "uuid_sistema": "1b4a0db0-b13d-4136-b883-81eb643f1923",
        "nombre_sistema": "Registro de explotaciones agrarias prioritarias",
        "organismo": 39060,
        "codigo": "DIAMANTE",
        "url": null,
        "descripcion": "",
        "finalidad": "Registro de explotaciones prioritarias",
        "observaciones": "",
        "tema": "AGR",
        "es_corporativo": false,
        "es_subsistema_de": null,
        "especial_importancia": false,
        "familia": "UNK",
        "icono_height": 0,
        "icono_width": 0,
        "icono": "",
        "created": "2026-04-26T18:16:36.856Z",
        "updated": "2026-04-26T18:16:36.856Z",
        "archived": null
    }
},
{
    "model": "sistemas.sistema",
    "pk": 102,
    "fields": {
        "uuid_sistema": "b792601f-13c0-49dd-b0c1-21c640dabc98",
        "nombre_sistema": "Sistema de información para la gestión de las alegaciones al SIGPAC",
        "organismo": 39053,
        "codigo": "ALSIGPAC",
        "url": null,
        "descripcion": "",
        "finalidad": "Sistema de información para la gestión de las alegaciones al SIGPAC",
        "observaciones": "",
        "tema": "AGR",
        "es_corporativo": false,
        "es_subsistema_de": null,
        "especial_importancia": false,
        "familia": "UNK",
        "icono_height": 0,
        "icono_width": 0,
        "icono": "",
        "created": "2026-04-26T18:22:56.142Z",
        "updated": "2026-04-26T18:22:56.142Z",
        "archived": null
    }
},
{
    "model": "sistemas.sistema",
    "pk": 103,
    "fields": {
        "uuid_sistema": "572ac0a2-a478-44aa-9de8-fb59c212453e",
        "nombre_sistema": "APP Móvil",
        "organismo": 42085,
        "codigo": "APP_MOVIL_CAPGA",
        "url": null,
        "descripcion": "",
        "finalidad": "Aplicación para dispositivos móviles de la CAGPA",
        "observaciones": "",
        "tema": "AGR",
        "es_corporativo": false,
        "es_subsistema_de": null,
        "especial_importancia": false,
        "familia": "UNK",
        "icono_height": 0,
        "icono_width": 0,
        "icono": "",
        "created": "2026-04-26T18:24:26.158Z",
        "updated": "2026-04-26T18:24:26.158Z",
        "archived": null
    }
},
{
    "model": "sistemas.sistema",
    "pk": 104,
    "fields": {
        "uuid_sistema": "5298473c-adb4-4ed5-a1d1-3a9c88402a48",
        "nombre_sistema": "Declaración adicional de productos fitosanitarios",
        "organismo": 39060,
        "codigo": "DECLAFITO",
        "url": null,
        "descripcion": "",
        "finalidad": "Declaraciones adicionales de fitosanitarios",
        "observaciones": "",
        "tema": "AGR",
        "es_corporativo": false,
        "es_subsistema_de": null,
        "especial_importancia": false,
        "familia": "UNK",
        "icono_height": 0,
        "icono_width": 0,
        "icono": "",
        "created": "2026-04-26T18:31:03.486Z",
        "updated": "2026-04-26T18:31:03.486Z",
        "archived": null
    }
},
{
    "model": "sistemas.sistema",
    "pk": 106,
    "fields": {
        "uuid_sistema": "fde1bfa6-7c09-4e59-817c-dd65c5a71694",
        "nombre_sistema": "Gestión de Pesca",
        "organismo": 39153,
        "codigo": "GESNOVA",
        "url": null,
        "descripcion": "",
        "finalidad": "Sistema de gestión central de productos de primera venta",
        "observaciones": "",
        "tema": "PES",
        "es_corporativo": false,
        "es_subsistema_de": null,
        "especial_importancia": false,
        "familia": "UNK",
        "icono_height": 0,
        "icono_width": 0,
        "icono": "",
        "created": "2026-04-26T18:41:50.504Z",
        "updated": "2026-04-26T18:41:50.504Z",
        "archived": null
    }
},
{
    "model": "sistemas.sistema",
    "pk": 107,
    "fields": {
        "uuid_sistema": "72a474b9-792b-4033-8e5e-fe71530e7b6c",
        "nombre_sistema": "Gestión de Laboratorios",
        "organismo": 39073,
        "codigo": "GESLAB",
        "url": null,
        "descripcion": "",
        "finalidad": "Gestión del laboratorio de Sanidad Animal",
        "observaciones": "",
        "tema": "GAN",
        "es_corporativo": false,
        "es_subsistema_de": null,
        "especial_importancia": false,
        "familia": "UNK",
        "icono_height": 0,
        "icono_width": 0,
        "icono": "",
        "created": "2026-04-26T18:48:07.861Z",
        "updated": "2026-04-26T18:48:07.861Z",
        "archived": null
    }
},
{
    "model": "sistemas.sistema",
    "pk": 108,
    "fields": {
        "uuid_sistema": "5b2ba039-3398-4c76-8f27-0835d4a2e873",
        "nombre_sistema": "Tramitación de licencias de pesca",
        "organismo": 39153,
        "codigo": "LICENCIAS_PESCA",
        "url": null,
        "descripcion": "",
        "finalidad": "Tramitación/ renovación de la licencia para el marisqueo recreativo a pie",
        "observaciones": "En desarrollo una nueva aplicación",
        "tema": "PES",
        "es_corporativo": false,
        "es_subsistema_de": null,
        "especial_importancia": false,
        "familia": "UNK",
        "icono_height": 0,
        "icono_width": 0,
        "icono": "",
        "created": "2026-04-26T19:09:25.708Z",
        "updated": "2026-04-26T19:09:25.708Z",
        "archived": null
    }
},
{
    "model": "sistemas.sistema",
    "pk": 109,
    "fields": {
        "uuid_sistema": "f8bdea1a-284c-41b8-9c26-bb529a223308",
        "nombre_sistema": "Gestión de pesca_Lonjas",
        "organismo": 39153,
        "codigo": "NOVAPES",
        "url": null,
        "descripcion": "",
        "finalidad": "Sistema de gestión en lonjas de primera venta",
        "observaciones": "Se añade _Lonjas al final del nombre al estar este duplicado con el SI GESNOVA",
        "tema": "PES",
        "es_corporativo": false,
        "es_subsistema_de": null,
        "especial_importancia": false,
        "familia": "UNK",
        "icono_height": 0,
        "icono_width": 0,
        "icono": "",
        "created": "2026-04-26T19:09:28.961Z",
        "updated": "2026-04-26T19:09:28.961Z",
        "archived": null
    }
},
{
    "model": "sistemas.sistema",
    "pk": 110,
    "fields": {
        "uuid_sistema": "163e09a9-1088-496d-98c9-31cf886647d4",
        "nombre_sistema": "sistema de seguimiento de embarcaciones y artes de pesca",
        "organismo": 39153,
        "codigo": "OCTOPUS",
        "url": null,
        "descripcion": "",
        "finalidad": "Sistema para el seguimiento de embarcaciones de pesca y artes de pesca",
        "observaciones": "En PRE preparando el pase a PRO",
        "tema": "PES",
        "es_corporativo": false,
        "es_subsistema_de": null,
        "especial_importancia": false,
        "familia": "UNK",
        "icono_height": 0,
        "icono_width": 0,
        "icono": "",
        "created": "2026-04-26T19:09:32.320Z",
        "updated": "2026-04-26T19:09:32.320Z",
        "archived": null
    }
},
{
    "model": "sistemas.sistema",
    "pk": 111,
    "fields": {
        "uuid_sistema": "7b8fc554-f489-490b-a75b-1613b34f9b8e",
        "nombre_sistema": "Plan Estratégico de la Política Agraria Común 2023-2027",
        "organismo": 39053,
        "codigo": "PEPAC",
        "url": null,
        "descripcion": "",
        "finalidad": "Sistemas de gestión de la PEPAC",
        "observaciones": "Programas anteriores del PEPAC y auxiliaresSe modifica el CI, antes PANDORA, PROMETEO. TITAN, PLANES, KRONOS",
        "tema": "AGR",
        "es_corporativo": false,
        "es_subsistema_de": null,
        "especial_importancia": false,
        "familia": "UNK",
        "icono_height": 0,
        "icono_width": 0,
        "icono": "",
        "created": "2026-04-26T19:09:36.283Z",
        "updated": "2026-04-26T19:09:36.283Z",
        "archived": null
    }
},
{
    "model": "sistemas.sistema",
    "pk": 112,
    "fields": {
        "uuid_sistema": "69508a12-6955-4c5d-ac18-7060b05c1a6c",
        "nombre_sistema": "Plataforma de Interoperabildad CAGPA",
        "organismo": 42085,
        "codigo": "INTEROP_CAGPA",
        "url": null,
        "descripcion": "",
        "finalidad": "Interoperabilidad de la CAGPSA",
        "observaciones": "",
        "tema": "AGR",
        "es_corporativo": false,
        "es_subsistema_de": null,
        "especial_importancia": false,
        "familia": "UNK",
        "icono_height": 0,
        "icono_width": 0,
        "icono": "",
        "created": "2026-04-26T19:09:39.955Z",
        "updated": "2026-04-26T19:09:39.955Z",
        "archived": null
    }
},
{
    "model": "sistemas.sistema",
    "pk": 113,
    "fields": {
        "uuid_sistema": "bf616585-a7be-433e-9833-3b0977418104",
        "nombre_sistema": "Registro General de la Producción Agrícola",
        "organismo": 39053,
        "codigo": "REG_PRODUCTORES",
        "url": null,
        "descripcion": "",
        "finalidad": "Registro de productores",
        "observaciones": "Pendiente de licitar una nueva aplicación",
        "tema": "AGR",
        "es_corporativo": false,
        "es_subsistema_de": null,
        "especial_importancia": false,
        "familia": "UNK",
        "icono_height": 0,
        "icono_width": 0,
        "icono": "",
        "created": "2026-04-26T19:09:43.002Z",
        "updated": "2026-04-26T19:09:43.002Z",
        "archived": null
    }
},
{
    "model": "sistemas.sistema",
    "pk": 114,
    "fields": {
        "uuid_sistema": "2c870d8e-ea41-416a-b773-e2f064353038",
        "nombre_sistema": "Sistema de Gestión de los Expedientes de Reintegros de Subvenciones",
        "organismo": 42085,
        "codigo": "REINTEGROS",
        "url": null,
        "descripcion": "",
        "finalidad": "Reintegros de Subvenciones / ayudas",
        "observaciones": "",
        "tema": "CTB",
        "es_corporativo": false,
        "es_subsistema_de": null,
        "especial_importancia": false,
        "familia": "UNK",
        "icono_height": 0,
        "icono_width": 0,
        "icono": "",
        "created": "2026-04-26T19:09:48.194Z",
        "updated": "2026-04-26T19:09:48.194Z",
        "archived": null
    }
},
{
    "model": "sistemas.sistema",
    "pk": 115,
    "fields": {
        "uuid_sistema": "911f94c5-d74c-4e8a-8c33-edcb2450e868",
        "nombre_sistema": "Registro de organizaciones de productores de frutas y hortalizas",
        "organismo": 39053,
        "codigo": "ROPAS",
        "url": null,
        "descripcion": "",
        "finalidad": "Registro de productores de frutas y hortalizas",
        "observaciones": "Se va a unificar con Registro de Productores en una nueva aplicación",
        "tema": "AGR",
        "es_corporativo": false,
        "es_subsistema_de": null,
        "especial_importancia": false,
        "familia": "UNK",
        "icono_height": 0,
        "icono_width": 0,
        "icono": "",
        "created": "2026-04-26T19:09:51.665Z",
        "updated": "2026-04-26T19:09:51.665Z",
        "archived": null
    }
},
{
    "model": "sistemas.sistema",
    "pk": 116,
    "fields": {
        "uuid_sistema": "fd72b6dc-3e42-4bfc-8ed9-0513f5163517",
        "nombre_sistema": "Sistema de Gestión del Registro Oficial de Productores y Operadores de medios de defensa fitosanitarios (ROPO)",
        "organismo": 39060,
        "codigo": "ROPO",
        "url": null,
        "descripcion": "",
        "finalidad": "Registro Oficial de Operadores y Medios de Defensa Fitosanitaria",
        "observaciones": "",
        "tema": "AGR",
        "es_corporativo": false,
        "es_subsistema_de": null,
        "especial_importancia": false,
        "familia": "UNK",
        "icono_height": 0,
        "icono_width": 0,
        "icono": "",
        "created": "2026-04-26T19:09:54.619Z",
        "updated": "2026-04-26T19:09:54.619Z",
        "archived": null
    }
},
{
    "model": "sistemas.sistema",
    "pk": 117,
    "fields": {
        "uuid_sistema": "db908f8c-28af-4aec-93a1-a742fe1e7aab",
        "nombre_sistema": "Sistema de Gestión del Registro de Operadores Vegetales",
        "organismo": 39060,
        "codigo": "ROPVEG",
        "url": null,
        "descripcion": "",
        "finalidad": "Registro de operadores profesionales de vegetales Canarias",
        "observaciones": "",
        "tema": "AGR",
        "es_corporativo": false,
        "es_subsistema_de": null,
        "especial_importancia": false,
        "familia": "UNK",
        "icono_height": 0,
        "icono_width": 0,
        "icono": "",
        "created": "2026-04-26T19:09:58.547Z",
        "updated": "2026-04-26T19:09:58.547Z",
        "archived": null
    }
},
{
    "model": "sistemas.sistema",
    "pk": 118,
    "fields": {
        "uuid_sistema": "287c8cbb-263a-4947-9509-a42cb6320c98",
        "nombre_sistema": "Sistema de Información Agroclimática para el Regadío",
        "organismo": 39060,
        "codigo": "SIAR",
        "url": null,
        "descripcion": "",
        "finalidad": "Plataforma digital de recomendaciones de riego de la red SIAR",
        "observaciones": "Actualmente se está terminado una nueva aplicación",
        "tema": "AGR",
        "es_corporativo": false,
        "es_subsistema_de": null,
        "especial_importancia": false,
        "familia": "UNK",
        "icono_height": 0,
        "icono_width": 0,
        "icono": "",
        "created": "2026-04-26T19:10:01.897Z",
        "updated": "2026-04-26T19:10:01.897Z",
        "archived": null
    }
},
{
    "model": "sistemas.sistema",
    "pk": 119,
    "fields": {
        "uuid_sistema": "140ea90d-ad56-478b-9e33-e354c98e4be4",
        "nombre_sistema": "Sistema de información para la gestión de inspecciones de pesca de la Comunidad Autónoma de Canarias",
        "organismo": 39153,
        "codigo": "PARGO",
        "url": null,
        "descripcion": "",
        "finalidad": "Inspección Pesquera",
        "observaciones": "En PRE preparando el pase a PRO",
        "tema": "PES",
        "es_corporativo": false,
        "es_subsistema_de": null,
        "especial_importancia": false,
        "familia": "UNK",
        "icono_height": 0,
        "icono_width": 0,
        "icono": "",
        "created": "2026-04-26T19:10:04.266Z",
        "updated": "2026-04-26T19:10:04.266Z",
        "archived": null
    }
},
{
    "model": "sistemas.sistema",
    "pk": 120,
    "fields": {
        "uuid_sistema": "25a2f08c-24c6-45ee-b544-5a2675f65029",
        "nombre_sistema": "Registro de Operadores de Productos de Agricultura Ecológica de Canarias",
        "organismo": 32738,
        "codigo": "TECYC",
        "url": null,
        "descripcion": "",
        "finalidad": "Obtención de los certificados de Operadores Ecológicos",
        "observaciones": "En el proceso de pase a producción de la nueva aplicación. ICCA",
        "tema": "AGR",
        "es_corporativo": false,
        "es_subsistema_de": null,
        "especial_importancia": false,
        "familia": "UNK",
        "icono_height": 0,
        "icono_width": 0,
        "icono": "",
        "created": "2026-04-26T19:10:06.890Z",
        "updated": "2026-04-26T19:10:06.890Z",
        "archived": null
    }
},
{
    "model": "sistemas.sistema",
    "pk": 121,
    "fields": {
        "uuid_sistema": "54bb2c16-5171-4885-a927-3cee4f4c4420",
        "nombre_sistema": "Aplicación Titulaciones Náuticas",
        "organismo": 39153,
        "codigo": "TITULACIONES_NAUTICAS",
        "url": null,
        "descripcion": "",
        "finalidad": "Sistemas de gestión de las titulaciones de patrón de embarcación",
        "observaciones": "En el proceso de pase a producción de la nueva aplicación",
        "tema": "PES",
        "es_corporativo": false,
        "es_subsistema_de": null,
        "especial_importancia": false,
        "familia": "UNK",
        "icono_height": 0,
        "icono_width": 0,
        "icono": "",
        "created": "2026-04-26T19:10:23.939Z",
        "updated": "2026-04-26T19:10:23.939Z",
        "archived": null
    }
},
{
    "model": "sistemas.sistema",
    "pk": 122,
    "fields": {
        "uuid_sistema": "bbef4ceb-9588-4df4-ad56-401454ee6645",
        "nombre_sistema": "Acreditación para efectuar podas y otras prácticas culturales en palmeras en el ámbito de la CAC",
        "organismo": 39060,
        "codigo": "TRABAJO_PALMERAS",
        "url": null,
        "descripcion": "",
        "finalidad": "Sistema de gestión de las solicitudes de poda de palmeras",
        "observaciones": "",
        "tema": "AGR",
        "es_corporativo": false,
        "es_subsistema_de": null,
        "especial_importancia": false,
        "familia": "UNK",
        "icono_height": 0,
        "icono_width": 0,
        "icono": "",
        "created": "2026-04-26T19:10:27.336Z",
        "updated": "2026-04-26T19:10:27.336Z",
        "archived": null
    }
},
{
    "model": "sistemas.sistema",
    "pk": 123,
    "fields": {
        "uuid_sistema": "2fc914a0-579b-4153-9440-be61892dd752",
        "nombre_sistema": "Sistema de Información de Agricultor Activo",
        "organismo": 39053,
        "codigo": "AGRIA",
        "url": null,
        "descripcion": "",
        "finalidad": "Sistema de gestión de verificación de Agricultor Activo",
        "observaciones": "",
        "tema": "AGR",
        "es_corporativo": false,
        "es_subsistema_de": null,
        "especial_importancia": false,
        "familia": "UNK",
        "icono_height": 0,
        "icono_width": 0,
        "icono": "",
        "created": "2026-04-26T19:21:14.249Z",
        "updated": "2026-04-26T19:21:14.249Z",
        "archived": null
    }
},
{
    "model": "sistemas.sistema",
    "pk": 124,
    "fields": {
        "uuid_sistema": "bacb8058-bdfa-4ec9-8aaa-af562500e5a2",
        "nombre_sistema": "Sistema de Gestión de Ayudas",
        "organismo": 39060,
        "codigo": "SGA",
        "url": null,
        "descripcion": "",
        "finalidad": "Sistema de gestión de explotaciones de Canarias",
        "observaciones": "Programa del Ministerio implantado el Canarias sólo para la gestión de las explotaciones, registro y cuadernos de campo",
        "tema": "AGR",
        "es_corporativo": false,
        "es_subsistema_de": null,
        "especial_importancia": false,
        "familia": "UNK",
        "icono_height": 0,
        "icono_width": 0,
        "icono": "",
        "created": "2026-04-26T19:21:17.397Z",
        "updated": "2026-04-26T19:21:17.397Z",
        "archived": null
    }
},
{
    "model": "sistemas.sistema",
    "pk": 125,
    "fields": {
        "uuid_sistema": "5fb39503-3f7f-467c-b279-556302ab7f4a",
        "nombre_sistema": "Sistema Integral de Contabilidad de Organismos Pagadores",
        "organismo": 39053,
        "codigo": "SICOP",
        "url": null,
        "descripcion": "",
        "finalidad": "Sistema para la gestión de la contabilidad del Organismo Pagador de Fondos Agrícolas Europeos",
        "observaciones": "Programa del Ministerio implantado el Canarias",
        "tema": "CTB",
        "es_corporativo": false,
        "es_subsistema_de": null,
        "especial_importancia": false,
        "familia": "UNK",
        "icono_height": 0,
        "icono_width": 0,
        "icono": "",
        "created": "2026-04-26T19:21:19.790Z",
        "updated": "2026-04-26T19:21:19.790Z",
        "archived": null
    }
},
{
    "model": "sistemas.sistema",
    "pk": 128,
    "fields": {
        "uuid_sistema": "bf7a08be-5f31-4247-94dc-9105dace3c29",
        "nombre_sistema": "Ayudas Directas",
        "organismo": 42172,
        "codigo": "AYUDAS_DIRECTAS",
        "url": null,
        "descripcion": "",
        "finalidad": "Gestionar expedientes de ayudas directas (La Palma, Emigrantes venezolanos retornados, Bono Social Térmico)",
        "observaciones": "",
        "tema": "BIS",
        "es_corporativo": false,
        "es_subsistema_de": null,
        "especial_importancia": false,
        "familia": "UNK",
        "icono_height": 0,
        "icono_width": 0,
        "icono": "",
        "created": "2026-04-26T19:23:33.439Z",
        "updated": "2026-04-26T19:23:33.439Z",
        "archived": null
    }
},
{
    "model": "sistemas.activo",
    "pk": 1,
    "fields": {
        "sistema": 1,
        "nombre_activo": "sistemas_sistema",
        "descripcion": "Sistemas de información:  relación de los sistemas de información utilizados en la AP del Gobierno de Canarias y organismos dependientes.",
        "es_prioritario": false,
        "georreferenciado": false,
        "datos_personales": "NO",
        "f_alta": "2025-11-24T07:50:48.774Z",
        "f_cambio": "2026-04-20T19:24:39.673Z",
        "f_baja": null
    }
},
{
    "model": "sistemas.activo",
    "pk": 2,
    "fields": {
        "sistema": 1,
        "nombre_activo": "sistemas_activo",
        "descripcion": "Activo: Los activos de datos más relevantes utilizados por cada sistema de información",
        "es_prioritario": false,
        "georreferenciado": false,
        "datos_personales": "NO",
        "f_alta": "2025-11-24T07:50:48.774Z",
        "f_cambio": "2026-04-20T19:21:09.191Z",
        "f_baja": null
    }
},
{
    "model": "sistemas.activo",
    "pk": 3,
    "fields": {
        "sistema": 11,
        "nombre_activo": "Indicadores comunes",
        "descripcion": "Indicadores comunes",
        "es_prioritario": true,
        "georreferenciado": false,
        "datos_personales": "NO",
        "f_alta": "2025-11-24T07:50:48.774Z",
        "f_cambio": "2025-11-24T07:50:48.792Z",
        "f_baja": null
    }
},
{
    "model": "sistemas.activo",
    "pk": 4,
    "fields": {
        "sistema": 1,
        "nombre_activo": "sistemas_tema",
        "descripcion": "Tabla de clasificación por áreas competenciales",
        "es_prioritario": false,
        "georreferenciado": false,
        "datos_personales": "NO",
        "f_alta": "2026-04-20T19:27:57.502Z",
        "f_cambio": "2026-04-20T19:27:57.502Z",
        "f_baja": null
    }
},
{
    "model": "sistemas.tipodatos",
    "pk": "bool",
    "fields": {
        "nombre_tipo": "Valor lógico"
    }
},
{
    "model": "sistemas.tipodatos",
    "pk": "date",
    "fields": {
        "nombre_tipo": "Fecha"
    }
},
{
    "model": "sistemas.tipodatos",
    "pk": "datetime",
    "fields": {
        "nombre_tipo": "Fecha/hora (Timestamp)"
    }
},
{
    "model": "sistemas.tipodatos",
    "pk": "float",
    "fields": {
        "nombre_tipo": "Número decimal"
    }
},
{
    "model": "sistemas.tipodatos",
    "pk": "int",
    "fields": {
        "nombre_tipo": "Número entero"
    }
},
{
    "model": "sistemas.tipodatos",
    "pk": "str",
    "fields": {
        "nombre_tipo": "Texto"
    }
},
{
    "model": "sistemas.tipodatos",
    "pk": "uuid",
    "fields": {
        "nombre_tipo": "Universal Unique Ident"
    }
},
{
    "model": "sistemas.arquetipo",
    "pk": 1,
    "fields": {
        "tipo": "int",
        "espacio": "",
        "funcion": "pk",
        "descripcion": "Clave primaria. Identificador único de un activo",
        "created": "2026-04-10T19:16:30.639Z",
        "updated": "2026-04-10T19:16:30.639Z",
        "deleted": null
    }
},
{
    "model": "sistemas.arquetipo",
    "pk": 2,
    "fields": {
        "tipo": "int",
        "espacio": "",
        "funcion": "fk",
        "descripcion": "Clave foránea. Un valor de la clave primaria de otra tabla, almacenada en esta",
        "created": "2026-04-10T19:17:31.583Z",
        "updated": "2026-04-10T19:17:31.583Z",
        "deleted": null
    }
},
{
    "model": "sistemas.arquetipo",
    "pk": 3,
    "fields": {
        "tipo": "int",
        "espacio": "",
        "funcion": "counter",
        "descripcion": "Contador. Si se refiere a contar el número  de elementos en un sistema de almacenaje, se recomienda usar `int/stock`",
        "created": "2026-04-10T19:18:26.206Z",
        "updated": "2026-04-10T19:18:26.206Z",
        "deleted": null
    }
},
{
    "model": "sistemas.arquetipo",
    "pk": 4,
    "fields": {
        "tipo": "int",
        "espacio": "",
        "funcion": "index",
        "descripcion": "Índice",
        "created": "2026-04-10T19:18:55.746Z",
        "updated": "2026-04-10T19:18:55.746Z",
        "deleted": null
    }
},
{
    "model": "sistemas.arquetipo",
    "pk": 5,
    "fields": {
        "tipo": "int",
        "espacio": "",
        "funcion": "stock",
        "descripcion": "Cantidad de elementos en un inventario",
        "created": "2026-04-10T19:19:30.525Z",
        "updated": "2026-04-10T19:19:30.525Z",
        "deleted": null
    }
},
{
    "model": "sistemas.arquetipo",
    "pk": 6,
    "fields": {
        "tipo": "str",
        "espacio": "",
        "funcion": "name",
        "descripcion": "Nombre (En general). Para nombres de personas, mejor usar `str/person/name` y `str/person/surname`",
        "created": "2026-04-10T19:20:32.310Z",
        "updated": "2026-04-10T19:20:32.310Z",
        "deleted": null
    }
},
{
    "model": "sistemas.arquetipo",
    "pk": 7,
    "fields": {
        "tipo": "str",
        "espacio": "person",
        "funcion": "name",
        "descripcion": "Nombre (De persona)",
        "created": "2026-04-10T19:20:56.297Z",
        "updated": "2026-04-10T19:21:03.305Z",
        "deleted": null
    }
},
{
    "model": "sistemas.arquetipo",
    "pk": 8,
    "fields": {
        "tipo": "str",
        "espacio": "person",
        "funcion": "surname",
        "descripcion": "Apellidos (De persona)",
        "created": "2026-04-10T19:21:22.797Z",
        "updated": "2026-04-10T19:21:22.797Z",
        "deleted": null
    }
},
{
    "model": "sistemas.arquetipo",
    "pk": 9,
    "fields": {
        "tipo": "str",
        "espacio": "",
        "funcion": "email",
        "descripcion": "Dirección de correo electrónico",
        "created": "2026-04-10T19:21:38.824Z",
        "updated": "2026-04-10T19:21:38.824Z",
        "deleted": null
    }
},
{
    "model": "sistemas.arquetipo",
    "pk": 10,
    "fields": {
        "tipo": "str",
        "espacio": "",
        "funcion": "url",
        "descripcion": "Dirección de una página web. Debe empezar por `http://` o `https://`",
        "created": "2026-04-10T19:22:28.668Z",
        "updated": "2026-04-10T19:22:28.668Z",
        "deleted": null
    }
},
{
    "model": "sistemas.arquetipo",
    "pk": 11,
    "fields": {
        "tipo": "int",
        "espacio": "",
        "funcion": "seconds",
        "descripcion": "Cantidad de tiempo, en segundos",
        "created": "2026-04-10T19:23:08.001Z",
        "updated": "2026-04-10T19:23:12.874Z",
        "deleted": null
    }
},
{
    "model": "sistemas.arquetipo",
    "pk": 12,
    "fields": {
        "tipo": "int",
        "espacio": "",
        "funcion": "minutes",
        "descripcion": "Cantidad de tiempo, en minutos",
        "created": "2026-04-10T19:23:28.177Z",
        "updated": "2026-04-10T19:23:28.178Z",
        "deleted": null
    }
},
{
    "model": "sistemas.arquetipo",
    "pk": 13,
    "fields": {
        "tipo": "int",
        "espacio": "",
        "funcion": "hours",
        "descripcion": "Cantidad de tiempo, en horas",
        "created": "2026-04-10T19:23:50.962Z",
        "updated": "2026-04-10T19:23:50.962Z",
        "deleted": null
    }
},
{
    "model": "sistemas.arquetipo",
    "pk": 14,
    "fields": {
        "tipo": "int",
        "espacio": "",
        "funcion": "days",
        "descripcion": "Cantidad de tiempo, en días",
        "created": "2026-04-10T19:24:06.171Z",
        "updated": "2026-04-10T19:24:07.739Z",
        "deleted": null
    }
},
{
    "model": "sistemas.arquetipo",
    "pk": 15,
    "fields": {
        "tipo": "int",
        "espacio": "currency",
        "funcion": "eur",
        "descripcion": "Importe monetario, en euros",
        "created": "2026-04-10T19:24:25.906Z",
        "updated": "2026-04-10T19:29:17.754Z",
        "deleted": null
    }
},
{
    "model": "sistemas.arquetipo",
    "pk": 16,
    "fields": {
        "tipo": "float",
        "espacio": "",
        "funcion": "eur",
        "descripcion": "Importe monetario, en Euros",
        "created": "2026-04-10T19:24:54.424Z",
        "updated": "2026-04-10T19:24:58.423Z",
        "deleted": null
    }
},
{
    "model": "sistemas.arquetipo",
    "pk": 17,
    "fields": {
        "tipo": "int",
        "espacio": "currency",
        "funcion": "eur_subunit",
        "descripcion": "Importe monetario, en céntimos de euro",
        "created": "2026-04-10T19:29:04.489Z",
        "updated": "2026-04-10T19:30:07.948Z",
        "deleted": null
    }
},
{
    "model": "sistemas.arquetipo",
    "pk": 18,
    "fields": {
        "tipo": "int",
        "espacio": "currency",
        "funcion": "gbp",
        "descripcion": "Importe monetario, en libras esterlinas",
        "created": "2026-04-10T19:30:36.141Z",
        "updated": "2026-04-10T19:30:36.141Z",
        "deleted": null
    }
},
{
    "model": "sistemas.arquetipo",
    "pk": 19,
    "fields": {
        "tipo": "int",
        "espacio": "currency",
        "funcion": "gbp_subunit",
        "descripcion": "Importe montario, en peniques de libra esterlina",
        "created": "2026-04-10T19:31:15.855Z",
        "updated": "2026-04-10T19:31:15.855Z",
        "deleted": null
    }
},
{
    "model": "sistemas.arquetipo",
    "pk": 20,
    "fields": {
        "tipo": "int",
        "espacio": "currency",
        "funcion": "usd",
        "descripcion": "Importe monetario, en dolares norteamericanos",
        "created": "2026-04-10T19:32:36.412Z",
        "updated": "2026-04-10T19:32:36.412Z",
        "deleted": null
    }
},
{
    "model": "sistemas.arquetipo",
    "pk": 21,
    "fields": {
        "tipo": "int",
        "espacio": "currency",
        "funcion": "usd_subunit",
        "descripcion": "Importe monetario, en céntimos de dolar norteamericano",
        "created": "2026-04-10T19:33:18.595Z",
        "updated": "2026-04-10T19:33:18.595Z",
        "deleted": null
    }
},
{
    "model": "sistemas.arquetipo",
    "pk": 22,
    "fields": {
        "tipo": "float",
        "espacio": "currency",
        "funcion": "eur",
        "descripcion": "Importe monetario, en euros, con decimales",
        "created": "2026-04-10T19:34:36.349Z",
        "updated": "2026-04-10T19:34:36.349Z",
        "deleted": null
    }
},
{
    "model": "sistemas.arquetipo",
    "pk": 23,
    "fields": {
        "tipo": "float",
        "espacio": "currency",
        "funcion": "usd",
        "descripcion": "Importe monetario, en dolares norteamericanos, con decimales",
        "created": "2026-04-10T19:35:24.255Z",
        "updated": "2026-04-10T19:35:24.255Z",
        "deleted": null
    }
},
{
    "model": "sistemas.arquetipo",
    "pk": 24,
    "fields": {
        "tipo": "float",
        "espacio": "currency",
        "funcion": "gbp",
        "descripcion": "Importe monetario, en libras esterlinas, con decimales",
        "created": "2026-04-10T19:37:05.641Z",
        "updated": "2026-04-10T19:37:05.641Z",
        "deleted": null
    }
},
{
    "model": "sistemas.arquetipo",
    "pk": 25,
    "fields": {
        "tipo": "float",
        "espacio": "geo",
        "funcion": "lat",
        "descripcion": "Latitud geográfica, en grados",
        "created": "2026-04-10T19:39:32.587Z",
        "updated": "2026-04-10T19:39:32.587Z",
        "deleted": null
    }
},
{
    "model": "sistemas.arquetipo",
    "pk": 26,
    "fields": {
        "tipo": "float",
        "espacio": "geo",
        "funcion": "long",
        "descripcion": "Longitud geográfica, en grados",
        "created": "2026-04-10T19:39:56.300Z",
        "updated": "2026-04-10T19:39:56.300Z",
        "deleted": null
    }
},
{
    "model": "sistemas.arquetipo",
    "pk": 27,
    "fields": {
        "tipo": "date",
        "espacio": "person",
        "funcion": "birthdate",
        "descripcion": "Fecha de nacimiento de una persona",
        "created": "2026-04-10T19:41:15.645Z",
        "updated": "2026-04-10T19:47:51.986Z",
        "deleted": null
    }
},
{
    "model": "sistemas.arquetipo",
    "pk": 28,
    "fields": {
        "tipo": "date",
        "espacio": "",
        "funcion": "start",
        "descripcion": "Fecha de inicio de plazo. No se especifica la hora, por lo que se entiende que el plazo empieza a las 00:00:00. Si hiciera falta especificar la hora se recomienda usar `datetime/start`",
        "created": "2026-04-10T19:42:54.264Z",
        "updated": "2026-04-10T19:44:34.746Z",
        "deleted": null
    }
},
{
    "model": "sistemas.arquetipo",
    "pk": 29,
    "fields": {
        "tipo": "date",
        "espacio": "",
        "funcion": "end",
        "descripcion": "Fecha de fin de plazo. No se especifica la hora, por lo que se entiende que el plazo termina a las 23:50:59. Si hiciera falta especificar la hora se recomienda usar `datetime/end`",
        "created": "2026-04-10T19:44:46.883Z",
        "updated": "2026-04-10T19:44:46.883Z",
        "deleted": null
    }
},
{
    "model": "sistemas.arquetipo",
    "pk": 30,
    "fields": {
        "tipo": "date",
        "espacio": "",
        "funcion": "archived",
        "descripcion": "Fecha en la que se archivó o se realizó el borrado lógico de algún activo de datos",
        "created": "2026-04-10T19:46:04.189Z",
        "updated": "2026-04-10T19:46:04.189Z",
        "deleted": null
    }
},
{
    "model": "sistemas.arquetipo",
    "pk": 31,
    "fields": {
        "tipo": "datetime",
        "espacio": "person",
        "funcion": "birthdate",
        "descripcion": "Fecha y hora de nacimiento de una persona",
        "created": "2026-04-10T19:47:18.074Z",
        "updated": "2026-04-10T19:48:19.431Z",
        "deleted": null
    }
},
{
    "model": "sistemas.arquetipo",
    "pk": 32,
    "fields": {
        "tipo": "datetime",
        "espacio": "",
        "funcion": "created",
        "descripcion": "Fecha y hora de creación de un activo",
        "created": "2026-04-10T19:49:05.957Z",
        "updated": "2026-04-10T19:49:05.957Z",
        "deleted": null
    }
},
{
    "model": "sistemas.arquetipo",
    "pk": 33,
    "fields": {
        "tipo": "bool",
        "espacio": "",
        "funcion": "auth",
        "descripcion": "Autorización o permiso. Verdadero si está autorizado",
        "created": "2026-04-10T19:53:48.492Z",
        "updated": "2026-04-10T19:53:48.492Z",
        "deleted": null
    }
},
{
    "model": "sistemas.arquetipo",
    "pk": 34,
    "fields": {
        "tipo": "bool",
        "espacio": "",
        "funcion": "forbbiden",
        "descripcion": "Prohibición. Verdadero si está prohibido",
        "created": "2026-04-10T19:54:23.268Z",
        "updated": "2026-04-10T19:54:23.268Z",
        "deleted": null
    }
},
{
    "model": "sistemas.arquetipo",
    "pk": 35,
    "fields": {
        "tipo": "bool",
        "espacio": "",
        "funcion": "active",
        "descripcion": "Marca de recurso activo. El valor verdadero indica que el recurso está activo",
        "created": "2026-04-10T19:55:52.047Z",
        "updated": "2026-04-10T20:19:53.117Z",
        "deleted": null
    }
},
{
    "model": "sistemas.arquetipo",
    "pk": 36,
    "fields": {
        "tipo": "bool",
        "espacio": "",
        "funcion": "inactive",
        "descripcion": "Marca de recurso inactivo. El valor verdadero indica que el recurso está inactivo",
        "created": "2026-04-10T19:56:24.935Z",
        "updated": "2026-04-10T20:19:42.358Z",
        "deleted": null
    }
},
{
    "model": "sistemas.arquetipo",
    "pk": 37,
    "fields": {
        "tipo": "bool",
        "espacio": "",
        "funcion": "consent",
        "descripcion": "Valor de consentimiento. Verdadero signifia que se consiente",
        "created": "2026-04-10T20:20:58.253Z",
        "updated": "2026-04-10T20:20:58.253Z",
        "deleted": null
    }
},
{
    "model": "sistemas.arquetipo",
    "pk": 38,
    "fields": {
        "tipo": "str",
        "espacio": "",
        "funcion": "desc",
        "descripcion": "Texto descriptivo",
        "created": "2026-04-10T20:56:42.935Z",
        "updated": "2026-04-10T20:56:42.935Z",
        "deleted": null
    }
},
{
    "model": "sistemas.arquetipo",
    "pk": 39,
    "fields": {
        "tipo": "str",
        "espacio": "",
        "funcion": "str",
        "descripcion": "Texto",
        "created": "2026-04-10T20:59:01.987Z",
        "updated": "2026-04-10T20:59:01.987Z",
        "deleted": null
    }
},
{
    "model": "sistemas.arquetipo",
    "pk": 40,
    "fields": {
        "tipo": "str",
        "espacio": "",
        "funcion": "pk",
        "descripcion": "Clave primaria. Identificador único de un recurso",
        "created": "2026-04-10T21:02:12.164Z",
        "updated": "2026-04-10T21:02:12.164Z",
        "deleted": null
    }
},
{
    "model": "sistemas.arquetipo",
    "pk": 41,
    "fields": {
        "tipo": "bool",
        "espacio": "",
        "funcion": "bool",
        "descripcion": "Valor lógico",
        "created": "2026-04-10T21:03:18.954Z",
        "updated": "2026-04-10T21:03:18.954Z",
        "deleted": null
    }
},
{
    "model": "sistemas.arquetipo",
    "pk": 42,
    "fields": {
        "tipo": "uuid",
        "espacio": "",
        "funcion": "pk",
        "descripcion": "Clave primaria. Identificador único de un activo",
        "created": "2026-04-10T21:12:07.481Z",
        "updated": "2026-04-10T21:12:07.481Z",
        "deleted": null
    }
},
{
    "model": "sistemas.arquetipo",
    "pk": 43,
    "fields": {
        "tipo": "uuid",
        "espacio": "",
        "funcion": "fk",
        "descripcion": "Clave foránea. Un valor de la clave primaria de otra tabla, almacenada en esta",
        "created": "2026-04-10T21:12:31.083Z",
        "updated": "2026-04-10T21:12:31.083Z",
        "deleted": null
    }
},
{
    "model": "sistemas.arquetipo",
    "pk": 44,
    "fields": {
        "tipo": "uuid",
        "espacio": "",
        "funcion": "ck",
        "descripcion": "Clave candidata",
        "created": "2026-04-10T21:13:26.892Z",
        "updated": "2026-04-10T21:13:26.892Z",
        "deleted": null
    }
},
{
    "model": "sistemas.arquetipo",
    "pk": 45,
    "fields": {
        "tipo": "int",
        "espacio": "",
        "funcion": "ck",
        "descripcion": "Clave candidata",
        "created": "2026-04-10T21:13:43.200Z",
        "updated": "2026-04-10T21:13:43.200Z",
        "deleted": null
    }
},
{
    "model": "sistemas.arquetipo",
    "pk": 46,
    "fields": {
        "tipo": "str",
        "espacio": "",
        "funcion": "ck",
        "descripcion": "Clave candidata",
        "created": "2026-04-10T21:13:56.324Z",
        "updated": "2026-04-10T21:13:56.324Z",
        "deleted": null
    }
},
{
    "model": "sistemas.campo",
    "pk": 1,
    "fields": {
        "activo": 1,
        "nombre_campo": "id_sistema",
        "descripcion": "Clave primaria del sistema",
        "arquetipo": 1
    }
},
{
    "model": "sistemas.campo",
    "pk": 2,
    "fields": {
        "activo": 1,
        "nombre_campo": "nombre_sistema",
        "descripcion": "Nombre del sistema de información",
        "arquetipo": 6
    }
},
{
    "model": "sistemas.campo",
    "pk": 3,
    "fields": {
        "activo": 1,
        "nombre_campo": "organismo",
        "descripcion": "Organismo al que está vinculado el sistema",
        "arquetipo": 2
    }
},
{
    "model": "sistemas.campo",
    "pk": 4,
    "fields": {
        "activo": 1,
        "nombre_campo": "codigo",
        "descripcion": "Código identificador del sistema (una sola palabra, sin espacios, solo mayúsculas)",
        "arquetipo": 46
    }
},
{
    "model": "sistemas.campo",
    "pk": 5,
    "fields": {
        "activo": 1,
        "nombre_campo": "url",
        "descripcion": "Enlace a la página principal del sistema, si procede",
        "arquetipo": 10
    }
},
{
    "model": "sistemas.campo",
    "pk": 6,
    "fields": {
        "activo": 1,
        "nombre_campo": "descripcion",
        "descripcion": "Descripción del sistema",
        "arquetipo": 38
    }
},
{
    "model": "sistemas.campo",
    "pk": 7,
    "fields": {
        "activo": 1,
        "nombre_campo": "finalidad",
        "descripcion": "Finalidad del sistema",
        "arquetipo": 39
    }
},
{
    "model": "sistemas.campo",
    "pk": 8,
    "fields": {
        "activo": 1,
        "nombre_campo": "observaciones",
        "descripcion": "Observaciones sobre el sistema",
        "arquetipo": 39
    }
},
{
    "model": "sistemas.campo",
    "pk": 9,
    "fields": {
        "activo": 1,
        "nombre_campo": "tema",
        "descripcion": "Materia competencia",
        "arquetipo": 40
    }
},
{
    "model": "sistemas.campo",
    "pk": 10,
    "fields": {
        "activo": 1,
        "nombre_campo": "es_transversal",
        "descripcion": "Este sistema es horizontal a todos los departamentos",
        "arquetipo": 41
    }
},
{
    "model": "sistemas.campo",
    "pk": 11,
    "fields": {
        "activo": 1,
        "nombre_campo": "es_subsistema_de",
        "descripcion": "Si tiene un valor, indica que el el registro actual es un subsistema, y el valor es la clave primaria del sistema del que depende.",
        "arquetipo": 2
    }
},
{
    "model": "sistemas.campo",
    "pk": 12,
    "fields": {
        "activo": 1,
        "nombre_campo": "familia",
        "descripcion": "Indica la familia a la que pertenece el sistema, si procede",
        "arquetipo": 40
    }
},
{
    "model": "sistemas.campo",
    "pk": 13,
    "fields": {
        "activo": 1,
        "nombre_campo": "uuid_sistema",
        "descripcion": "Identificador público del sistema (UUID)",
        "arquetipo": 44
    }
},
{
    "model": "sistemas.campo",
    "pk": 14,
    "fields": {
        "activo": 1,
        "nombre_campo": "especial_importancia",
        "descripcion": "Este Sistema contiene activos de datos de especial importancia",
        "arquetipo": 41
    }
},
{
    "model": "sistemas.campo",
    "pk": 15,
    "fields": {
        "activo": 2,
        "nombre_campo": "id_activo",
        "descripcion": "Identificador del activo",
        "arquetipo": 1
    }
},
{
    "model": "sistemas.campo",
    "pk": 16,
    "fields": {
        "activo": 2,
        "nombre_campo": "sistema",
        "descripcion": "Sistema al que está asociado el activo",
        "arquetipo": 2
    }
},
{
    "model": "sistemas.campo",
    "pk": 17,
    "fields": {
        "activo": 2,
        "nombre_campo": "nombre_activo",
        "descripcion": "Nombre del activo",
        "arquetipo": 6
    }
},
{
    "model": "sistemas.campo",
    "pk": 18,
    "fields": {
        "activo": 2,
        "nombre_campo": "descripcion",
        "descripcion": "Descripción del activo",
        "arquetipo": 38
    }
},
{
    "model": "sistemas.campo",
    "pk": 19,
    "fields": {
        "activo": 2,
        "nombre_campo": "es_prioritario",
        "descripcion": "Indica que este activo se considera de interés prioritario",
        "arquetipo": 41
    }
},
{
    "model": "sistemas.campo",
    "pk": 20,
    "fields": {
        "activo": 2,
        "nombre_campo": "georeferenciado",
        "descripcion": "Indica si el activo está georreferenciado, es decir, tiene campos de latitud y longitud",
        "arquetipo": 41
    }
},
{
    "model": "sistemas.campo",
    "pk": 21,
    "fields": {
        "activo": 2,
        "nombre_campo": "datos_personales",
        "descripcion": "Indica si el activo contiene datos personales, y en su caso, de que nivel",
        "arquetipo": 43
    }
},
{
    "model": "sistemas.campo",
    "pk": 22,
    "fields": {
        "activo": 4,
        "nombre_campo": "id_tema",
        "descripcion": "Clave primaria del área competencial",
        "arquetipo": 40
    }
},
{
    "model": "sistemas.campo",
    "pk": 23,
    "fields": {
        "activo": 4,
        "nombre_campo": "nombre_tema",
        "descripcion": "Nombre del área competencial",
        "arquetipo": 6
    }
},
{
    "model": "sistemas.campo",
    "pk": 24,
    "fields": {
        "activo": 4,
        "nombre_campo": "transversal",
        "descripcion": "Indica si el área competencial es transversal",
        "arquetipo": 41
    }
},
{
    "model": "sistemas.usuario",
    "pk": "abarcab",
    "fields": {
        "email": "abarcab@gobiernodecanarias.org",
        "nombre": "Ana Isabel",
        "apellidos": "Barrera Cacrera",
        "organismo": 42085,
        "empresa": null,
        "f_alta": "2026-04-26T18:37:09.828Z",
        "f_cambio": "2026-04-26T18:37:09.828Z",
        "f_baja": null
    }
},
{
    "model": "sistemas.usuario",
    "pk": "aberfer",
    "fields": {
        "email": "aberfer@gobiernodecanarias.org",
        "nombre": "Alfredo Manuel",
        "apellidos": "Bermudez Ferrer",
        "organismo": 42159,
        "empresa": null,
        "f_alta": "2025-10-06T18:41:34.112Z",
        "f_cambio": "2025-10-06T18:41:34.112Z",
        "f_baja": null
    }
},
{
    "model": "sistemas.usuario",
    "pk": "acarromb",
    "fields": {
        "email": "acarromb@gobiernodecanarias.org",
        "nombre": "Antonio Manuel",
        "apellidos": "Cardona Romero",
        "organismo": 39073,
        "empresa": null,
        "f_alta": "2025-10-16T11:23:53.255Z",
        "f_cambio": "2025-10-16T11:23:53.255Z",
        "f_baja": null
    }
},
{
    "model": "sistemas.usuario",
    "pk": "adiaraml",
    "fields": {
        "email": "adiaraml@gobiernodecanarias.org",
        "nombre": "María Amparo",
        "apellidos": "Díaz Ramírez",
        "organismo": 42119,
        "empresa": null,
        "f_alta": "2025-11-26T19:25:19.529Z",
        "f_cambio": "2025-11-26T19:25:19.529Z",
        "f_baja": null
    }
},
{
    "model": "sistemas.usuario",
    "pk": "agilarm",
    "fields": {
        "email": "agilarm@gobiernodecanarias.org",
        "nombre": "Antonia Rosa",
        "apellidos": "Gil Armas",
        "organismo": 42123,
        "empresa": null,
        "f_alta": "2025-10-06T18:41:33.412Z",
        "f_cambio": "2025-10-06T18:41:33.412Z",
        "f_baja": null
    }
},
{
    "model": "sistemas.usuario",
    "pk": "agonherp",
    "fields": {
        "email": "agonherp@gobiernodecanarias.org",
        "nombre": "Antonio",
        "apellidos": "González Hernández",
        "organismo": 42085,
        "empresa": null,
        "f_alta": "2026-04-26T18:13:22.549Z",
        "f_cambio": "2026-04-26T18:13:22.549Z",
        "f_baja": null
    }
},
{
    "model": "sistemas.usuario",
    "pk": "almudena.alvarado",
    "fields": {
        "email": "almudena.alvarado@essscan.es",
        "nombre": "Almudena",
        "apellidos": "Alvarado Lozano",
        "organismo": 6564,
        "empresa": null,
        "f_alta": "2025-10-06T18:41:33.948Z",
        "f_cambio": "2025-10-06T18:41:33.948Z",
        "f_baja": null
    }
},
{
    "model": "sistemas.usuario",
    "pk": "alopperj",
    "fields": {
        "email": "alopperj@gobiernodecanarias.org",
        "nombre": "*",
        "apellidos": "*",
        "organismo": 39060,
        "empresa": null,
        "f_alta": "2026-04-26T17:25:48.382Z",
        "f_cambio": "2026-04-26T17:25:48.382Z",
        "f_baja": null
    }
},
{
    "model": "sistemas.usuario",
    "pk": "aloppui",
    "fields": {
        "email": "aloppui@gobiernodecanarias.org",
        "nombre": "Alexis Jorge",
        "apellidos": "López Puig",
        "organismo": 42123,
        "empresa": null,
        "f_alta": "2025-10-06T18:41:33.456Z",
        "f_cambio": "2025-10-06T18:41:33.457Z",
        "f_baja": null
    }
},
{
    "model": "sistemas.usuario",
    "pk": "amarbri",
    "fields": {
        "email": "amarbri@gobiernodecanarias.org",
        "nombre": "Agustín",
        "apellidos": "Martín Brito",
        "organismo": 6583,
        "empresa": null,
        "f_alta": "2025-11-07T15:33:45.060Z",
        "f_cambio": "2025-11-07T15:33:45.060Z",
        "f_baja": null
    }
},
{
    "model": "sistemas.usuario",
    "pk": "amorcom",
    "fields": {
        "email": "amorcom@gobiernodecanarias.org",
        "nombre": "Antonio",
        "apellidos": "Morales Comalat",
        "organismo": 42154,
        "empresa": null,
        "f_alta": "2026-02-12T12:14:24.181Z",
        "f_cambio": "2026-02-12T12:14:24.181Z",
        "f_baja": null
    }
},
{
    "model": "sistemas.usuario",
    "pk": "anhergue",
    "fields": {
        "email": "anhergue@gobiernodecanarias.org",
        "nombre": "Aniano",
        "apellidos": "Hernández Guerra",
        "organismo": 42104,
        "empresa": null,
        "f_alta": "2025-10-06T18:41:33.494Z",
        "f_cambio": "2025-10-06T18:41:33.494Z",
        "f_baja": null
    }
},
{
    "model": "sistemas.usuario",
    "pk": "apergarc",
    "fields": {
        "email": "apergarc@gobiernodecanarias.org",
        "nombre": "Alicia",
        "apellidos": "Perera García",
        "organismo": 6547,
        "empresa": null,
        "f_alta": "2025-10-06T18:41:33.916Z",
        "f_cambio": "2025-10-06T18:41:33.916Z",
        "f_baja": null
    }
},
{
    "model": "sistemas.usuario",
    "pk": "arodall",
    "fields": {
        "email": "arodall@gobiernodecanarias.org",
        "nombre": "Alejandra",
        "apellidos": "Rodríguez Alloza",
        "organismo": 42163,
        "empresa": null,
        "f_alta": "2025-11-11T08:27:32.715Z",
        "f_cambio": "2025-11-11T08:27:32.715Z",
        "f_baja": null
    }
},
{
    "model": "sistemas.usuario",
    "pk": "asanmonx",
    "fields": {
        "email": "asanmonx@gobiernodecanarias.org",
        "nombre": "Alberto",
        "apellidos": "Santana Monagas",
        "organismo": 42163,
        "empresa": null,
        "f_alta": "2025-11-11T08:14:20.576Z",
        "f_cambio": "2025-11-11T08:14:20.576Z",
        "f_baja": null
    }
},
{
    "model": "sistemas.usuario",
    "pk": "atrudel",
    "fields": {
        "email": "atrudel@gobiernodecanarias.org",
        "nombre": "Alexander",
        "apellidos": "Trujillo Delgado",
        "organismo": 42136,
        "empresa": null,
        "f_alta": "2025-10-06T18:41:33.814Z",
        "f_cambio": "2025-10-06T18:41:33.814Z",
        "f_baja": null
    }
},
{
    "model": "sistemas.usuario",
    "pk": "aumenperp",
    "fields": {
        "email": "aumenperp@gobiernodecanarias.org",
        "nombre": "Agustina",
        "apellidos": "Méndez Perera",
        "organismo": 41854,
        "empresa": null,
        "f_alta": "2025-10-06T18:41:33.879Z",
        "f_cambio": "2025-10-06T18:41:33.879Z",
        "f_baja": null
    }
},
{
    "model": "sistemas.usuario",
    "pk": "avelram",
    "fields": {
        "email": "avelram@gobiernodecanarias.org",
        "nombre": "Alicia",
        "apellidos": "Velduque Ramos",
        "organismo": 42163,
        "empresa": null,
        "f_alta": "2025-11-11T08:34:03.100Z",
        "f_cambio": "2025-11-11T08:34:03.100Z",
        "f_baja": null
    }
},
{
    "model": "sistemas.usuario",
    "pk": "barmdia",
    "fields": {
        "email": "barmdia@cgpoliciacanaria.org",
        "nombre": "Badayco",
        "apellidos": "Armas Díaz",
        "organismo": 42122,
        "empresa": null,
        "f_alta": "2025-10-07T10:10:33.463Z",
        "f_cambio": "2025-10-07T10:10:33.463Z",
        "f_baja": null
    }
},
{
    "model": "sistemas.usuario",
    "pk": "bfumfer",
    "fields": {
        "email": "bfumfer@gobiernodecanarias.org",
        "nombre": "Blas Jacinto",
        "apellidos": "Fumero Fernández",
        "organismo": 42119,
        "empresa": null,
        "f_alta": "2025-10-07T10:25:55.193Z",
        "f_cambio": "2025-10-07T10:25:55.193Z",
        "f_baja": null
    }
},
{
    "model": "sistemas.usuario",
    "pk": "bherafor",
    "fields": {
        "email": "bherafor@gobiernodecanarias.org",
        "nombre": "Beatriz Beata",
        "apellidos": "Hernández Afonso",
        "organismo": 42150,
        "empresa": null,
        "f_alta": "2025-10-06T18:41:34.274Z",
        "f_cambio": "2025-10-06T18:41:34.274Z",
        "f_baja": null
    }
},
{
    "model": "sistemas.usuario",
    "pk": "cherramq",
    "fields": {
        "email": "cherramq@gobiernodecanarias.org",
        "nombre": "Carolina",
        "apellidos": "Hernández Ramos",
        "organismo": 41567,
        "empresa": null,
        "f_alta": "2025-10-07T10:33:21.971Z",
        "f_cambio": "2025-10-07T10:33:21.971Z",
        "f_baja": null
    }
},
{
    "model": "sistemas.usuario",
    "pk": "cpergarm",
    "fields": {
        "email": "cpergarm@gobiernodecanarias.org",
        "nombre": "María Carolina",
        "apellidos": "Perera García",
        "organismo": 6583,
        "empresa": null,
        "f_alta": "2025-11-07T15:36:38.661Z",
        "f_cambio": "2025-11-07T15:36:38.661Z",
        "f_baja": null
    }
},
{
    "model": "sistemas.usuario",
    "pk": "cperlui",
    "fields": {
        "email": "cperlui@gobiernodecanarias.org",
        "nombre": "Carlos",
        "apellidos": "Pérez Luis",
        "organismo": 41567,
        "empresa": null,
        "f_alta": "2025-10-07T11:35:32.839Z",
        "f_cambio": "2025-10-07T11:42:26.039Z",
        "f_baja": null
    }
},
{
    "model": "sistemas.usuario",
    "pk": "crivlez",
    "fields": {
        "email": "crivlez@gobiernodecanarias.org",
        "nombre": "Claudio Alberto",
        "apellidos": "Rivero Lezcano",
        "organismo": 42119,
        "empresa": null,
        "f_alta": "2025-10-02T08:12:31Z",
        "f_cambio": "2025-10-06T11:31:16.565Z",
        "f_baja": null
    }
},
{
    "model": "sistemas.usuario",
    "pk": "csamfer",
    "fields": {
        "email": "csamfer@gobiernodecanarias.org",
        "nombre": "Celso",
        "apellidos": "Sampedro Fervenza",
        "organismo": 42122,
        "empresa": null,
        "f_alta": "2025-10-07T11:44:13.336Z",
        "f_cambio": "2025-10-07T11:44:13.336Z",
        "f_baja": null
    }
},
{
    "model": "sistemas.usuario",
    "pk": "dafomar",
    "fields": {
        "email": "dafomar@gobiernodecanarias.org",
        "nombre": "Domingo",
        "apellidos": "Afonso Martín",
        "organismo": 32738,
        "empresa": null,
        "f_alta": "2026-04-26T19:10:06.902Z",
        "f_cambio": "2026-04-26T19:11:37.041Z",
        "f_baja": null
    }
},
{
    "model": "sistemas.usuario",
    "pk": "dmarsanl",
    "fields": {
        "email": "dmarsanl@gobiernodecanarias.org",
        "nombre": "Daniel",
        "apellidos": "Marrero Sánchez",
        "organismo": 41854,
        "empresa": null,
        "f_alta": "2025-10-06T18:41:33.830Z",
        "f_cambio": "2025-10-06T18:41:33.830Z",
        "f_baja": null
    }
},
{
    "model": "sistemas.usuario",
    "pk": "dnolsua",
    "fields": {
        "email": "dnolsua@gobiernodecanarias.org",
        "nombre": "Dolores Isabel",
        "apellidos": "Nolasco Suárez",
        "organismo": 42086,
        "empresa": null,
        "f_alta": "2025-10-06T18:41:33.508Z",
        "f_cambio": "2025-10-06T18:41:33.508Z",
        "f_baja": null
    }
},
{
    "model": "sistemas.usuario",
    "pk": "dsuapers",
    "fields": {
        "email": "dsuapers@gobiernodecanarias.org",
        "nombre": "David",
        "apellidos": "Suárez Perera",
        "organismo": 42165,
        "empresa": null,
        "f_alta": "2025-10-06T12:58:36.190Z",
        "f_cambio": "2025-10-06T12:58:36.190Z",
        "f_baja": null
    }
},
{
    "model": "sistemas.usuario",
    "pk": "ecasala",
    "fields": {
        "email": "ecasala@gobiernodecanarias.org",
        "nombre": "José Enrique",
        "apellidos": "Castellano Alayón",
        "organismo": 42093,
        "empresa": null,
        "f_alta": "2025-10-07T12:04:15.941Z",
        "f_cambio": "2025-10-07T12:04:15.941Z",
        "f_baja": null
    }
},
{
    "model": "sistemas.usuario",
    "pk": "eferagu",
    "fields": {
        "email": "eferagu@gobiernodecanarias.org",
        "nombre": "María Elena",
        "apellidos": "Fernández Aguirre",
        "organismo": 42118,
        "empresa": null,
        "f_alta": "2025-10-06T18:41:33.631Z",
        "f_cambio": "2025-10-06T18:41:33.631Z",
        "f_baja": null
    }
},
{
    "model": "sistemas.usuario",
    "pk": "esgonnun",
    "fields": {
        "email": "esgonnun@gobiernodecanarias.org",
        "nombre": "Estefanía Margarita",
        "apellidos": "González Nuñez",
        "organismo": 42085,
        "empresa": null,
        "f_alta": "2025-11-10T10:16:12.820Z",
        "f_cambio": "2025-11-10T10:16:12.820Z",
        "f_baja": null
    }
},
{
    "model": "sistemas.usuario",
    "pk": "esosperm",
    "fields": {
        "email": "esosperm@gobiernodecanarias.org",
        "nombre": "Ehedey",
        "apellidos": "Sosa Pérez",
        "organismo": 42128,
        "empresa": null,
        "f_alta": "2025-11-10T12:39:29.409Z",
        "f_cambio": "2025-11-10T12:39:29.409Z",
        "f_baja": null
    }
},
{
    "model": "sistemas.usuario",
    "pk": "evbetveg",
    "fields": {
        "email": "evbetveg@gobiernodecanarias.org",
        "nombre": "Eva María",
        "apellidos": "Betencort Vega",
        "organismo": 42171,
        "empresa": null,
        "f_alta": "2026-04-22T19:57:28.517Z",
        "f_cambio": "2026-04-22T19:57:28.517Z",
        "f_baja": null
    }
},
{
    "model": "sistemas.usuario",
    "pk": "fartjor",
    "fields": {
        "email": "fartjor@gobiernodecanarias.org",
        "nombre": "Federico J.",
        "apellidos": "Artiles Jorge",
        "organismo": 42086,
        "empresa": null,
        "f_alta": "2025-10-06T18:41:33.525Z",
        "f_cambio": "2025-10-06T18:41:33.525Z",
        "f_baja": null
    }
},
{
    "model": "sistemas.usuario",
    "pk": "fbezcar",
    "fields": {
        "email": "fbezcar@gobiernodecanarias.org",
        "nombre": "Fátima",
        "apellidos": "Bezares Carretero",
        "organismo": 42119,
        "empresa": null,
        "f_alta": "2025-10-02T08:12:31Z",
        "f_cambio": "2025-10-06T11:29:07.166Z",
        "f_baja": null
    }
},
{
    "model": "sistemas.usuario",
    "pk": "fcabherl",
    "fields": {
        "email": "fcabherl@gobiernodecanarias.org",
        "nombre": "Francisca Teresa",
        "apellidos": "Caballero Hernández",
        "organismo": 42135,
        "empresa": null,
        "f_alta": "2025-11-10T12:33:47.243Z",
        "f_cambio": "2025-11-10T12:33:47.243Z",
        "f_baja": null
    }
},
{
    "model": "sistemas.usuario",
    "pk": "fespsos",
    "fields": {
        "email": "fespsos@gobiernodecanarias.org",
        "nombre": "Francisco José",
        "apellidos": "Espino Sosa",
        "organismo": 42122,
        "empresa": null,
        "f_alta": "2025-11-24T12:55:02.533Z",
        "f_cambio": "2025-11-24T12:55:02.534Z",
        "f_baja": null
    }
},
{
    "model": "sistemas.usuario",
    "pk": "feugbau",
    "fields": {
        "email": "feugbau@gobiernodecanarias.org",
        "nombre": "Francisco José",
        "apellidos": "Eugenio Baute",
        "organismo": 42091,
        "empresa": null,
        "f_alta": "2025-10-06T18:41:33.701Z",
        "f_cambio": "2025-10-06T18:41:33.701Z",
        "f_baja": null
    }
},
{
    "model": "sistemas.usuario",
    "pk": "ffermar",
    "fields": {
        "email": "ffermar@gobiernodecanarias.org",
        "nombre": "Francisca",
        "apellidos": "Fernández Martínez",
        "organismo": 42123,
        "empresa": null,
        "f_alta": "2025-10-06T18:41:33.431Z",
        "f_cambio": "2025-10-06T18:41:33.431Z",
        "f_baja": null
    }
},
{
    "model": "sistemas.usuario",
    "pk": "fmerboa",
    "fields": {
        "email": "fmerboa@gobiernodecanarias.org",
        "nombre": "Francisco Miguel",
        "apellidos": "Merino Boada",
        "organismo": 42093,
        "empresa": null,
        "f_alta": "2025-11-11T11:23:41Z",
        "f_cambio": "2025-11-11T11:23:41Z",
        "f_baja": null
    }
},
{
    "model": "sistemas.usuario",
    "pk": "fojechi",
    "fields": {
        "email": "fojechi@gobiernodecanarias.org",
        "nombre": "Fátima Mercedes",
        "apellidos": "Ojeda Chirino",
        "organismo": 42091,
        "empresa": null,
        "f_alta": "2025-10-06T18:41:33.718Z",
        "f_cambio": "2025-10-06T18:41:33.718Z",
        "f_baja": null
    }
},
{
    "model": "sistemas.usuario",
    "pk": "fsanriv",
    "fields": {
        "email": "fsanriv@gobiernodecanarias.org",
        "nombre": "Felipe",
        "apellidos": "Sánchez Rivero",
        "organismo": 39060,
        "empresa": null,
        "f_alta": "2026-04-26T18:04:43.738Z",
        "f_cambio": "2026-04-26T18:04:43.738Z",
        "f_baja": null
    }
},
{
    "model": "sistemas.usuario",
    "pk": "fviegon",
    "fields": {
        "email": "fviegon@gobiernodecanarias.org",
        "nombre": "Fernando Iván",
        "apellidos": "Viera González",
        "organismo": 42121,
        "empresa": null,
        "f_alta": "2026-03-24T08:15:26.599Z",
        "f_cambio": "2026-03-24T08:15:26.599Z",
        "f_baja": null
    }
},
{
    "model": "sistemas.usuario",
    "pk": "gojezam",
    "fields": {
        "email": "gojezam@gobiernodecanarias.org",
        "nombre": "Gustavo",
        "apellidos": "Ojeda Zamora",
        "organismo": 42124,
        "empresa": null,
        "f_alta": "2025-11-05T20:17:11.181Z",
        "f_cambio": "2025-11-05T20:17:11.181Z",
        "f_baja": null
    }
},
{
    "model": "sistemas.usuario",
    "pk": "gpalara",
    "fields": {
        "email": "gpalara@gobiernodecanarias.org",
        "nombre": "Domingo Guzmán",
        "apellidos": "Palacios Arazuri",
        "organismo": 42136,
        "empresa": null,
        "f_alta": "2025-10-06T18:41:33.801Z",
        "f_cambio": "2025-10-06T18:41:33.801Z",
        "f_baja": null
    }
},
{
    "model": "sistemas.usuario",
    "pk": "hgargarg",
    "fields": {
        "email": "hgargarg@gobiernodecanarias.org",
        "nombre": "Héctor",
        "apellidos": "García García",
        "organismo": 41854,
        "empresa": null,
        "f_alta": "2025-10-06T18:41:33.860Z",
        "f_cambio": "2025-10-06T18:41:33.860Z",
        "f_baja": null
    }
},
{
    "model": "sistemas.usuario",
    "pk": "hgonort",
    "fields": {
        "email": "hgonort@gobiernodecanarias.org",
        "nombre": "Hector Javier",
        "apellidos": "González Ortega",
        "organismo": 38691,
        "empresa": null,
        "f_alta": "2026-02-26T10:28:36.392Z",
        "f_cambio": "2026-02-26T10:28:36.392Z",
        "f_baja": null
    }
},
{
    "model": "sistemas.usuario",
    "pk": "iboscan",
    "fields": {
        "email": "iboscan@gobiernodecanarias.org",
        "nombre": "Íñigo",
        "apellidos": "Bosch Canals",
        "organismo": 39153,
        "empresa": null,
        "f_alta": "2026-04-26T17:48:38.562Z",
        "f_cambio": "2026-04-26T17:48:38.562Z",
        "f_baja": null
    }
},
{
    "model": "sistemas.usuario",
    "pk": "igoncar",
    "fields": {
        "email": "igoncar@gobiernodecanarias.org",
        "nombre": "Iván",
        "apellidos": "González Carro",
        "organismo": 42128,
        "empresa": null,
        "f_alta": "2025-11-10T13:35:54.803Z",
        "f_cambio": "2025-11-10T13:35:54.803Z",
        "f_baja": null
    }
},
{
    "model": "sistemas.usuario",
    "pk": "itrubos",
    "fields": {
        "email": "itrubos@gobiernodecanarias.org",
        "nombre": "Ildefonso Mauro",
        "apellidos": "Trujillo Bosa",
        "organismo": 37815,
        "empresa": null,
        "f_alta": "2025-10-06T18:41:33.539Z",
        "f_cambio": "2025-10-06T18:41:33.539Z",
        "f_baja": null
    }
},
{
    "model": "sistemas.usuario",
    "pk": "ivgardia",
    "fields": {
        "email": "ivgardia@gobiernodecanarias.org",
        "nombre": "Iván",
        "apellidos": "García Díaz-Castroverde",
        "organismo": 42085,
        "empresa": null,
        "f_alta": "2026-04-26T19:09:48.203Z",
        "f_cambio": "2026-04-26T19:18:40.557Z",
        "f_baja": null
    }
},
{
    "model": "sistemas.usuario",
    "pk": "jaldrua",
    "fields": {
        "email": "jaldrua@gobiernodecanarias.org",
        "nombre": "José Javier",
        "apellidos": "Aldunate Ruano",
        "organismo": 42121,
        "empresa": null,
        "f_alta": "2026-01-27T09:50:01.095Z",
        "f_cambio": "2026-01-27T09:50:01.095Z",
        "f_baja": null
    }
},
{
    "model": "sistemas.usuario",
    "pk": "jbejgar",
    "fields": {
        "email": "jbejgar@gobierniodecanarias.org",
        "nombre": "Jenaro",
        "apellidos": "Bejarano García",
        "organismo": 6594,
        "empresa": null,
        "f_alta": "2025-11-17T13:13:46.022Z",
        "f_cambio": "2025-11-17T13:13:46.022Z",
        "f_baja": null
    }
},
{
    "model": "sistemas.usuario",
    "pk": "jevobro",
    "fields": {
        "email": "jevobro@gobiernodecanarias.org",
        "nombre": "Juan Antonio",
        "apellidos": "Évora Brondo",
        "organismo": 39060,
        "empresa": null,
        "f_alta": "2026-04-26T19:10:01.915Z",
        "f_cambio": "2026-04-26T19:19:55.870Z",
        "f_baja": null
    }
},
{
    "model": "sistemas.usuario",
    "pk": "jfrosmar",
    "fields": {
        "email": "jfrosmar@gobiernodecanarias.org",
        "nombre": "Juan Félix",
        "apellidos": "Rosa Martín",
        "organismo": 39166,
        "empresa": null,
        "f_alta": "2025-10-06T18:41:34.160Z",
        "f_cambio": "2025-10-06T18:41:34.160Z",
        "f_baja": null
    }
},
{
    "model": "sistemas.usuario",
    "pk": "jgarbeng",
    "fields": {
        "email": "jgarbeng@gobiernodecanarias.org",
        "nombre": "Jesús Manuel",
        "apellidos": "García Benítez",
        "organismo": 42149,
        "empresa": null,
        "f_alta": "2025-10-06T18:41:34.014Z",
        "f_cambio": "2025-10-06T18:41:34.014Z",
        "f_baja": null
    }
},
{
    "model": "sistemas.usuario",
    "pk": "jgommar",
    "fields": {
        "email": "jgommar@gobiernodecanarias.org",
        "nombre": "Juan Pedro",
        "apellidos": "Gómez Marrero",
        "organismo": 42123,
        "empresa": null,
        "f_alta": "2025-11-05T19:50:46.856Z",
        "f_cambio": "2025-11-05T19:50:46.856Z",
        "f_baja": null
    }
},
{
    "model": "sistemas.usuario",
    "pk": "jgonperk",
    "fields": {
        "email": "jgonperk@gobiernodecanarias.org",
        "nombre": "Jorge Luis",
        "apellidos": "González Pérez",
        "organismo": 6583,
        "empresa": null,
        "f_alta": "2025-11-07T15:24:50.171Z",
        "f_cambio": "2025-11-07T15:24:50.171Z",
        "f_baja": null
    }
},
{
    "model": "sistemas.usuario",
    "pk": "jgonramp",
    "fields": {
        "email": "jgonramp@gobiernodecanarias.org",
        "nombre": "José Ángel",
        "apellidos": "González Rama",
        "organismo": 42085,
        "empresa": null,
        "f_alta": "2026-04-26T19:21:17.416Z",
        "f_cambio": "2026-04-26T19:23:09.955Z",
        "f_baja": null
    }
},
{
    "model": "sistemas.usuario",
    "pk": "jgonyanp",
    "fields": {
        "email": "jgonyanp@gobiernodecanarias.org",
        "nombre": "Jesús Alberto",
        "apellidos": "González Yanes",
        "organismo": 37829,
        "empresa": null,
        "f_alta": "2025-10-06T18:41:33.556Z",
        "f_cambio": "2025-10-06T18:41:33.556Z",
        "f_baja": null
    }
},
{
    "model": "sistemas.usuario",
    "pk": "jhercrum",
    "fields": {
        "email": "jhercrum@gobiernodecanarias.org",
        "nombre": "Juan José",
        "apellidos": "Hernández Cruz",
        "organismo": 42085,
        "empresa": null,
        "f_alta": "2025-11-10T10:24:00.103Z",
        "f_cambio": "2025-11-10T10:24:00.103Z",
        "f_baja": null
    }
},
{
    "model": "sistemas.usuario",
    "pk": "jjgarcar",
    "fields": {
        "email": "jjgarcar@gobiernodecanarias.org",
        "nombre": "Javier josé",
        "apellidos": "García Carballo",
        "organismo": 42163,
        "empresa": null,
        "f_alta": "2025-11-11T08:16:32.125Z",
        "f_cambio": "2025-11-11T08:16:32.125Z",
        "f_baja": null
    }
},
{
    "model": "sistemas.usuario",
    "pk": "jmacgod",
    "fields": {
        "email": "jmacgod@gobiernodecanarias.org",
        "nombre": "Francisco Javier",
        "apellidos": "Machín Godoy",
        "organismo": 42154,
        "empresa": null,
        "f_alta": "2026-02-12T12:16:01.824Z",
        "f_cambio": "2026-02-12T12:16:01.824Z",
        "f_baja": null
    }
},
{
    "model": "sistemas.usuario",
    "pk": "jmarcast",
    "fields": {
        "email": "jmarcast@goniernodecanarias.org",
        "nombre": "José Javier",
        "apellidos": "Martín del Castillo",
        "organismo": 41567,
        "empresa": null,
        "f_alta": "2025-11-24T11:17:18.508Z",
        "f_cambio": "2025-11-24T11:17:18.509Z",
        "f_baja": null
    }
},
{
    "model": "sistemas.usuario",
    "pk": "jmorrom",
    "fields": {
        "email": "jmorrom@gobiernodecanarias.org",
        "nombre": "José Ramón",
        "apellidos": "Moreira Romero",
        "organismo": 6547,
        "empresa": null,
        "f_alta": "2025-10-06T18:41:33.934Z",
        "f_cambio": "2025-10-06T18:41:33.934Z",
        "f_baja": null
    }
},
{
    "model": "sistemas.usuario",
    "pk": "jpaclar",
    "fields": {
        "email": "jpaclar@gobiernodecanarias.org",
        "nombre": "Juan José",
        "apellidos": "Pacheco Lara",
        "organismo": 42122,
        "empresa": null,
        "f_alta": "2025-11-26T10:31:30.588Z",
        "f_cambio": "2025-11-26T10:31:30.588Z",
        "f_baja": null
    }
},
{
    "model": "sistemas.usuario",
    "pk": "jreyalmx",
    "fields": {
        "email": "jreyalmx@gobiernodecanarias.org",
        "nombre": "José Luis",
        "apellidos": "De los Reyes Almeida",
        "organismo": 42122,
        "empresa": null,
        "f_alta": "2025-11-24T12:56:30.625Z",
        "f_cambio": "2025-11-24T12:56:30.625Z",
        "f_baja": null
    }
},
{
    "model": "sistemas.usuario",
    "pk": "jreyoje",
    "fields": {
        "email": "jreyoje@gobiernodecanarias.org",
        "nombre": "Josefa María",
        "apellidos": "Reyes García",
        "organismo": 39153,
        "empresa": null,
        "f_alta": "2026-04-26T18:47:48.630Z",
        "f_cambio": "2026-04-26T19:05:13.131Z",
        "f_baja": null
    }
},
{
    "model": "sistemas.usuario",
    "pk": "jrobper",
    "fields": {
        "email": "jrobper@gobiernodecanarias.org",
        "nombre": "Jesús Pedro",
        "apellidos": "Robayna Perez",
        "organismo": 42165,
        "empresa": null,
        "f_alta": "2025-10-06T13:06:19.213Z",
        "f_cambio": "2025-10-06T13:06:19.213Z",
        "f_baja": null
    }
},
{
    "model": "sistemas.usuario",
    "pk": "jrodleo",
    "fields": {
        "email": "jrodleo@gobiernodecanarias.org",
        "nombre": "Juan Ignacio",
        "apellidos": "Rodríguez de Leon",
        "organismo": 42093,
        "empresa": null,
        "f_alta": "2025-10-02T08:12:31Z",
        "f_cambio": "2025-10-07T09:24:50.928Z",
        "f_baja": null
    }
},
{
    "model": "sistemas.usuario",
    "pk": "jrodriguez_itc",
    "fields": {
        "email": "jrodriguez@itccanarias.org",
        "nombre": "Juan Francisco",
        "apellidos": "Rodríguez Alvarado",
        "organismo": null,
        "empresa": 1,
        "f_alta": "2026-03-04T12:48:36.764Z",
        "f_cambio": "2026-03-04T12:48:36.764Z",
        "f_baja": null
    }
},
{
    "model": "sistemas.usuario",
    "pk": "jrosperf",
    "fields": {
        "email": "jrosperf@gobiernodecanarias.org",
        "nombre": "Juan Carlos",
        "apellidos": "Del Rosario Pérez",
        "organismo": 42127,
        "empresa": null,
        "f_alta": "2025-11-10T12:35:18.029Z",
        "f_cambio": "2025-11-10T12:35:18.030Z",
        "f_baja": null
    }
},
{
    "model": "sistemas.usuario",
    "pk": "jsanace",
    "fields": {
        "email": "jsanace@gobiernodecanarias.org",
        "nombre": "Jacob",
        "apellidos": "Sánchez Acedo",
        "organismo": 37815,
        "empresa": null,
        "f_alta": "2026-04-06T13:06:26.660Z",
        "f_cambio": "2026-04-06T13:06:26.660Z",
        "f_baja": null
    }
},
{
    "model": "sistemas.usuario",
    "pk": "jsersanp",
    "fields": {
        "email": "jsersanp@gobiernodecanarias.org",
        "nombre": "Javier",
        "apellidos": "Serrano Sánchez",
        "organismo": 42093,
        "empresa": null,
        "f_alta": "2025-10-07T12:08:59.011Z",
        "f_cambio": "2025-10-07T12:08:59.011Z",
        "f_baja": null
    }
},
{
    "model": "sistemas.usuario",
    "pk": "jtardel",
    "fields": {
        "email": "jtardel@gobiernodecanarias.org",
        "nombre": "José Alfonso",
        "apellidos": "Tarife Delgado",
        "organismo": 42135,
        "empresa": null,
        "f_alta": "2025-11-05T19:59:45.597Z",
        "f_cambio": "2025-11-05T19:59:45.597Z",
        "f_baja": null
    }
},
{
    "model": "sistemas.usuario",
    "pk": "jtresan",
    "fields": {
        "email": "jtresan@gobiernodecanarias.org",
        "nombre": "José",
        "apellidos": "Trejo Sánchez",
        "organismo": 42149,
        "empresa": null,
        "f_alta": "2025-10-06T18:41:34.039Z",
        "f_cambio": "2025-10-06T18:41:34.039Z",
        "f_baja": null
    }
},
{
    "model": "sistemas.usuario",
    "pk": "lbarqui",
    "fields": {
        "email": "lbarqui@gobiernodecanarias.org",
        "nombre": "Luis",
        "apellidos": "Barrera Quintero",
        "organismo": 42085,
        "empresa": null,
        "f_alta": "2026-02-12T08:45:35.896Z",
        "f_cambio": "2026-02-12T08:45:35.896Z",
        "f_baja": null
    }
},
{
    "model": "sistemas.usuario",
    "pk": "lgalrev",
    "fields": {
        "email": "lgalrev@gobiernodecanarias.org",
        "nombre": "Fidelina",
        "apellidos": "Galvez Revilla",
        "organismo": 42091,
        "empresa": null,
        "f_alta": "2025-10-06T18:41:33.751Z",
        "f_cambio": "2025-10-06T18:41:33.751Z",
        "f_baja": null
    }
},
{
    "model": "sistemas.usuario",
    "pk": "ljuarij",
    "fields": {
        "email": "ljuarij@gobiernodecanarias.org",
        "nombre": "Luis",
        "apellidos": "Juan Rijo",
        "organismo": 7400,
        "empresa": null,
        "f_alta": "2025-11-20T10:46:17.658Z",
        "f_cambio": "2025-11-20T10:46:17.658Z",
        "f_baja": null
    }
},
{
    "model": "sistemas.usuario",
    "pk": "lrodfaln",
    "fields": {
        "email": "lrodfaln@gobiernodecanarias.org",
        "nombre": "Lidia del Pino",
        "apellidos": "Rodríguez Falcón",
        "organismo": 42143,
        "empresa": null,
        "f_alta": "2025-10-06T18:41:34.227Z",
        "f_cambio": "2025-10-06T18:41:34.227Z",
        "f_baja": null
    }
},
{
    "model": "sistemas.usuario",
    "pk": "malosua",
    "fields": {
        "email": "malosua@gobiernodecanarias.org",
        "nombre": "María Candelaria",
        "apellidos": "Alonso Suárez",
        "organismo": 42093,
        "empresa": null,
        "f_alta": "2025-10-02T08:12:31Z",
        "f_cambio": "2025-10-02T14:45:08.853Z",
        "f_baja": null
    }
},
{
    "model": "sistemas.usuario",
    "pk": "malvmar",
    "fields": {
        "email": "malvmar@gobiernodecanarias.org",
        "nombre": "María",
        "apellidos": "Álvarez Martín",
        "organismo": 6547,
        "empresa": null,
        "f_alta": "2025-10-06T18:41:33.899Z",
        "f_cambio": "2025-10-06T18:41:33.899Z",
        "f_baja": null
    }
},
{
    "model": "sistemas.usuario",
    "pk": "marrlop",
    "fields": {
        "email": "marrlop@gobiernodecanarias.org",
        "nombre": "Míkel",
        "apellidos": "Arrasate López",
        "organismo": 39153,
        "empresa": null,
        "f_alta": "2026-04-26T19:09:32.331Z",
        "f_cambio": "2026-04-26T19:17:34.085Z",
        "f_baja": null
    }
},
{
    "model": "sistemas.usuario",
    "pk": "mblabau",
    "fields": {
        "email": "mblabau@gobiernodecanarias.org",
        "nombre": "Manuel",
        "apellidos": "Blanco Bautista",
        "organismo": 42138,
        "empresa": null,
        "f_alta": "2025-11-10T14:30:24.693Z",
        "f_cambio": "2025-11-10T14:30:24.693Z",
        "f_baja": null
    }
},
{
    "model": "sistemas.usuario",
    "pk": "mcabpen",
    "fields": {
        "email": "mcabpen@gobiernodecanarias.org",
        "nombre": "Mercedes",
        "apellidos": "Cabrera Peña",
        "organismo": 41567,
        "empresa": null,
        "f_alta": "2025-11-26T10:23:53.555Z",
        "f_cambio": "2025-11-26T10:23:53.555Z",
        "f_baja": null
    }
},
{
    "model": "sistemas.usuario",
    "pk": "mcabperd",
    "fields": {
        "email": "mcabperd@gobiernodecanarias.org",
        "nombre": "Miguel Ángel",
        "apellidos": "Cabrera Pérez",
        "organismo": 42162,
        "empresa": null,
        "f_alta": "2025-11-11T14:16:08.181Z",
        "f_cambio": "2025-11-11T14:16:08.181Z",
        "f_baja": null
    }
},
{
    "model": "sistemas.usuario",
    "pk": "mdelluz",
    "fields": {
        "email": "mdelluz@gobiernodecanarias.org",
        "nombre": "María Asunción",
        "apellidos": "Delgado Luzardo",
        "organismo": 42162,
        "empresa": null,
        "f_alta": "2025-11-11T09:23:18.591Z",
        "f_cambio": "2025-11-11T09:23:18.591Z",
        "f_baja": null
    }
},
{
    "model": "sistemas.usuario",
    "pk": "mdiaasct",
    "fields": {
        "email": "mdiaasct@gobiernodecanarias.org",
        "nombre": "Marta",
        "apellidos": "Diaz Ascanio",
        "organismo": 42119,
        "empresa": null,
        "f_alta": "2025-11-26T13:04:02.183Z",
        "f_cambio": "2025-11-26T13:04:02.183Z",
        "f_baja": null
    }
},
{
    "model": "sistemas.usuario",
    "pk": "mfuedia",
    "fields": {
        "email": "mfuedia@gobiernodecanarias.org",
        "nombre": "María Loreto",
        "apellidos": "Fuertes Díaz",
        "organismo": 42085,
        "empresa": null,
        "f_alta": "2026-02-12T09:01:18.625Z",
        "f_cambio": "2026-02-12T09:01:18.625Z",
        "f_baja": null
    }
},
{
    "model": "sistemas.usuario",
    "pk": "mgarrodx",
    "fields": {
        "email": "mgarrodx@gobiernodecanarias.org",
        "nombre": "Miguel Agustín",
        "apellidos": "García Rodríguez",
        "organismo": 42084,
        "empresa": null,
        "f_alta": "2025-10-06T12:55:23.386Z",
        "f_cambio": "2025-10-06T12:55:23.386Z",
        "f_baja": null
    }
},
{
    "model": "sistemas.usuario",
    "pk": "mgonjorf",
    "fields": {
        "email": "mgonjorf@gobiernodecanarias.org",
        "nombre": "Montserrat",
        "apellidos": "González Jorge",
        "organismo": 42143,
        "empresa": null,
        "f_alta": "2025-10-06T18:41:34.193Z",
        "f_cambio": "2025-10-06T18:41:34.193Z",
        "f_baja": null
    }
},
{
    "model": "sistemas.usuario",
    "pk": "mgonmar10",
    "fields": {
        "email": "mgonmar10@gobiernodecanarias.org",
        "nombre": "Marta",
        "apellidos": "González Martín",
        "organismo": 6564,
        "empresa": null,
        "f_alta": "2025-10-06T18:41:33.964Z",
        "f_cambio": "2025-10-06T18:41:33.964Z",
        "f_baja": null
    }
},
{
    "model": "sistemas.usuario",
    "pk": "mgonmarg",
    "fields": {
        "email": "mgonmarg@gobiernodecanarias.org",
        "nombre": "M. Elena",
        "apellidos": "González Marrero",
        "organismo": 42085,
        "empresa": null,
        "f_alta": "2026-04-26T19:09:51.672Z",
        "f_cambio": "2026-04-26T19:16:38.902Z",
        "f_baja": null
    }
},
{
    "model": "sistemas.usuario",
    "pk": "mhorama",
    "fields": {
        "email": "mhorama@gobiernodecanarias.org",
        "nombre": "Miguel Ángel",
        "apellidos": "Hormiga Amador",
        "organismo": 42118,
        "empresa": null,
        "f_alta": "2025-10-06T18:41:33.684Z",
        "f_cambio": "2025-10-06T18:41:33.684Z",
        "f_baja": null
    }
},
{
    "model": "sistemas.usuario",
    "pk": "mjgarsan",
    "fields": {
        "email": "mjgarsan@gobiernodecanarias.org",
        "nombre": "Mateo José",
        "apellidos": "Garrido Sanahuja",
        "organismo": 42159,
        "empresa": null,
        "f_alta": "2025-10-06T18:41:34.066Z",
        "f_cambio": "2025-10-06T18:41:34.066Z",
        "f_baja": null
    }
},
{
    "model": "sistemas.usuario",
    "pk": "mlomaras",
    "fields": {
        "email": "mlomaras@gobiernodecanarias.org",
        "nombre": "Miguel Santiago",
        "apellidos": "Lomba Aranda",
        "organismo": 39153,
        "empresa": null,
        "f_alta": "2026-04-26T19:09:25.735Z",
        "f_cambio": "2026-04-26T19:12:44.653Z",
        "f_baja": null
    }
},
{
    "model": "sistemas.usuario",
    "pk": "mmarferc",
    "fields": {
        "email": "mmarferc@gobiernodecanarias.org",
        "nombre": "Miguel Jesús Martínez",
        "apellidos": "Carrasco Fernández",
        "organismo": 42165,
        "empresa": null,
        "f_alta": "2025-10-06T12:56:11.542Z",
        "f_cambio": "2025-10-06T12:56:11.542Z",
        "f_baja": null
    }
},
{
    "model": "sistemas.usuario",
    "pk": "mmaycac",
    "fields": {
        "email": "mmaycac@gobiernodecanarias.org",
        "nombre": "María Cristina",
        "apellidos": "Mayor Cáceres",
        "organismo": 42125,
        "empresa": null,
        "f_alta": "2025-11-05T20:20:46.868Z",
        "f_cambio": "2025-11-05T20:21:10.259Z",
        "f_baja": null
    }
},
{
    "model": "sistemas.usuario",
    "pk": "mmilmun",
    "fields": {
        "email": "mmilmun@gobiernodecanarias.org",
        "nombre": "María Jesús",
        "apellidos": "Millán Muñoz",
        "organismo": 6652,
        "empresa": null,
        "f_alta": "2025-12-18T08:15:48.059Z",
        "f_cambio": "2025-12-18T08:15:48.059Z",
        "f_baja": null
    }
},
{
    "model": "sistemas.usuario",
    "pk": "mnavfri",
    "fields": {
        "email": "mnavfri@gobiernodecanarias.org",
        "nombre": "Miguel",
        "apellidos": "Navarro Frias",
        "organismo": 42121,
        "empresa": null,
        "f_alta": "2026-01-27T09:46:44.229Z",
        "f_cambio": "2026-01-27T09:46:44.229Z",
        "f_baja": null
    }
},
{
    "model": "sistemas.usuario",
    "pk": "mnavherz",
    "fields": {
        "email": "mnavherz@gobiernodecanarias.org",
        "nombre": "María Teresa",
        "apellidos": "Navarro Hernández",
        "organismo": 42159,
        "empresa": null,
        "f_alta": "2025-10-06T18:41:34.136Z",
        "f_cambio": "2025-10-06T18:41:34.136Z",
        "f_baja": null
    }
},
{
    "model": "sistemas.usuario",
    "pk": "mogarsan",
    "fields": {
        "email": "mogarsan@gobiernodecanarias.org",
        "nombre": "Montserrat",
        "apellidos": "García Santana",
        "organismo": 42150,
        "empresa": null,
        "f_alta": "2025-10-06T18:41:34.247Z",
        "f_cambio": "2025-10-06T18:41:34.247Z",
        "f_baja": null
    }
},
{
    "model": "sistemas.usuario",
    "pk": "mpeibos",
    "fields": {
        "email": "mpeibos@gobiernodecanarias.org",
        "nombre": "Manuel",
        "apellidos": "Peinado Bosch",
        "organismo": 42123,
        "empresa": null,
        "f_alta": "2025-11-05T19:52:47.102Z",
        "f_cambio": "2025-11-05T19:52:47.102Z",
        "f_baja": null
    }
},
{
    "model": "sistemas.usuario",
    "pk": "mperbej",
    "fields": {
        "email": "mperbej@gobiernodecanarias.org",
        "nombre": "María Antonia",
        "apellidos": "Pérez Bejarano",
        "organismo": 42129,
        "empresa": null,
        "f_alta": "2025-11-05T20:14:25.730Z",
        "f_cambio": "2025-11-05T20:14:25.730Z",
        "f_baja": null
    }
},
{
    "model": "sistemas.usuario",
    "pk": "mrisdia",
    "fields": {
        "email": "mrisdia@gobiernodecanarias.org",
        "nombre": "María Luisa",
        "apellidos": "Risueño Díaz",
        "organismo": 7400,
        "empresa": null,
        "f_alta": "2026-04-22T20:27:01.136Z",
        "f_cambio": "2026-04-22T20:27:01.136Z",
        "f_baja": null
    }
},
{
    "model": "sistemas.usuario",
    "pk": "mrodbat",
    "fields": {
        "email": "mrodbat@gobiernodecanarias.org",
        "nombre": "María del Carmen",
        "apellidos": "Rodríguez Batista",
        "organismo": 42114,
        "empresa": null,
        "f_alta": "2025-10-06T18:41:33.575Z",
        "f_cambio": "2025-10-06T18:41:33.575Z",
        "f_baja": null
    }
},
{
    "model": "sistemas.usuario",
    "pk": "mrodbraz",
    "fields": {
        "email": "mrodbraz@gobiernodecanarias.org",
        "nombre": "Marcos Francisco",
        "apellidos": "Rodríguez Bravo",
        "organismo": 42124,
        "empresa": null,
        "f_alta": "2025-11-05T20:23:55.873Z",
        "f_cambio": "2025-11-05T20:23:55.873Z",
        "f_baja": null
    }
},
{
    "model": "sistemas.usuario",
    "pk": "mrodlav",
    "fields": {
        "email": "mrodlav@gobiernodecanarias.org",
        "nombre": "María Pilar",
        "apellidos": "Rodrigo Lavandera",
        "organismo": 42085,
        "empresa": null,
        "f_alta": "2025-11-10T10:20:29.416Z",
        "f_cambio": "2025-11-10T10:20:29.416Z",
        "f_baja": null
    }
},
{
    "model": "sistemas.usuario",
    "pk": "msilbet",
    "fields": {
        "email": "msilbet@gobiernodecanarias.org",
        "nombre": "Marta",
        "apellidos": "Da Silva Bethencourt",
        "organismo": 42169,
        "empresa": null,
        "f_alta": "2026-04-22T19:47:26.824Z",
        "f_cambio": "2026-04-22T19:47:26.824Z",
        "f_baja": null
    }
},
{
    "model": "sistemas.usuario",
    "pk": "msoslac",
    "fields": {
        "email": "msoslac@gobiernodecanarias.org",
        "nombre": "Miguel José",
        "apellidos": "Sosa Lacruz",
        "organismo": 6583,
        "empresa": null,
        "f_alta": "2025-11-07T15:28:31.259Z",
        "f_cambio": "2025-11-07T15:28:57.516Z",
        "f_baja": null
    }
},
{
    "model": "sistemas.usuario",
    "pk": "mspergon",
    "fields": {
        "email": "mspergon@gobiernodecanarias.org",
        "nombre": "María Sheila",
        "apellidos": "Pérez González",
        "organismo": 42123,
        "empresa": null,
        "f_alta": "2025-10-06T18:41:33.475Z",
        "f_cambio": "2025-10-06T18:41:33.475Z",
        "f_baja": null
    }
},
{
    "model": "sistemas.usuario",
    "pk": "msuacol",
    "fields": {
        "email": "msuacol@gobiernodecanarias.org",
        "nombre": "María Cristina",
        "apellidos": "Suarez Colomer",
        "organismo": 42114,
        "empresa": null,
        "f_alta": "2025-10-06T18:41:33.594Z",
        "f_cambio": "2025-10-06T18:41:33.594Z",
        "f_baja": null
    }
},
{
    "model": "sistemas.usuario",
    "pk": "mtorher1",
    "fields": {
        "email": "mtorherl@gobiernodecanarias.org",
        "nombre": "María Victoria",
        "apellidos": "Toral Hernández",
        "organismo": 42093,
        "empresa": null,
        "f_alta": "2025-11-12T13:28:01.483Z",
        "f_cambio": "2025-11-12T13:28:01.483Z",
        "f_baja": null
    }
},
{
    "model": "sistemas.usuario",
    "pk": "mtruled",
    "fields": {
        "email": "mtruled@gobiernodecanarias.org",
        "nombre": "Mária Ángles",
        "apellidos": "Trujillo Ledesma",
        "organismo": 42118,
        "empresa": null,
        "f_alta": "2025-10-06T18:41:33.649Z",
        "f_cambio": "2025-10-06T18:41:33.649Z",
        "f_baja": null
    }
},
{
    "model": "sistemas.usuario",
    "pk": "mvalher",
    "fields": {
        "email": "mvalher@gobiernodecanarias.org",
        "nombre": "María Candelaria",
        "apellidos": "Valido Hernández",
        "organismo": 37152,
        "empresa": null,
        "f_alta": "2025-10-06T18:41:33.612Z",
        "f_cambio": "2025-10-06T18:41:33.612Z",
        "f_baja": null
    }
},
{
    "model": "sistemas.usuario",
    "pk": "nferzam",
    "fields": {
        "email": "nferzam@gobiernodecanarias.org",
        "nombre": "Nayra",
        "apellidos": "Fernández Zamora",
        "organismo": 39166,
        "empresa": null,
        "f_alta": "2025-10-06T18:41:34.180Z",
        "f_cambio": "2025-10-06T18:41:34.180Z",
        "f_baja": null
    }
},
{
    "model": "sistemas.usuario",
    "pk": "nluiyan",
    "fields": {
        "email": "nluiyan@gobiernodecanarias.org",
        "nombre": "Natalia E.",
        "apellidos": "De Luis Yanes",
        "organismo": 6594,
        "empresa": null,
        "f_alta": "2025-10-06T18:41:33.987Z",
        "f_cambio": "2025-10-06T18:41:33.987Z",
        "f_baja": null
    }
},
{
    "model": "sistemas.usuario",
    "pk": "obetcur",
    "fields": {
        "email": "obetcur@gobiernodecanarias.org",
        "nombre": "Ofelia",
        "apellidos": "Betancourt Curbelo",
        "organismo": 42118,
        "empresa": null,
        "f_alta": "2025-10-06T18:41:33.668Z",
        "f_cambio": "2025-10-06T18:41:33.668Z",
        "f_baja": null
    }
},
{
    "model": "sistemas.usuario",
    "pk": "ocarleo",
    "fields": {
        "email": "ocarleo@gobiernodecanarias.org",
        "nombre": "Octavio Jesús",
        "apellidos": "Caraballo de León",
        "organismo": 42094,
        "empresa": null,
        "f_alta": "2025-11-27T10:50:27.086Z",
        "f_cambio": "2025-11-27T10:50:27.086Z",
        "f_baja": null
    }
},
{
    "model": "sistemas.usuario",
    "pk": "omarram",
    "fields": {
        "email": "omarram@gobiernodecanarias.org",
        "nombre": "Óscar José",
        "apellidos": "Marrero Ramírez",
        "organismo": 42143,
        "empresa": null,
        "f_alta": "2025-10-06T18:41:34.207Z",
        "f_cambio": "2025-10-06T18:41:34.207Z",
        "f_baja": null
    }
},
{
    "model": "sistemas.usuario",
    "pk": "pbaqper",
    "fields": {
        "email": "pbaqper@gobiernodecanarias.org",
        "nombre": "Pedro Juan",
        "apellidos": "Baquero Pérez",
        "organismo": 42118,
        "empresa": null,
        "f_alta": "2025-10-07T09:55:55.735Z",
        "f_cambio": "2025-10-07T09:56:17.353Z",
        "f_baja": null
    }
},
{
    "model": "sistemas.usuario",
    "pk": "pbetort",
    "fields": {
        "email": "pbetort@gobiernodecanarias.org",
        "nombre": "Pablo",
        "apellidos": "Betancor Ortiz",
        "organismo": 37829,
        "empresa": null,
        "f_alta": "2025-11-07T08:49:52.445Z",
        "f_cambio": "2025-11-07T08:49:52.445Z",
        "f_baja": null
    }
},
{
    "model": "sistemas.usuario",
    "pk": "pcanper",
    "fields": {
        "email": "pcanper@gobiernodecanarias.org",
        "nombre": "Pablo Antonio",
        "apellidos": "Cano Pérez",
        "organismo": 42093,
        "empresa": null,
        "f_alta": "2025-10-02T08:12:31Z",
        "f_cambio": "2025-10-07T12:41:18.984Z",
        "f_baja": null
    }
},
{
    "model": "sistemas.usuario",
    "pk": "pcovfue",
    "fields": {
        "email": "pcovfue@gobiernodecanarias.org",
        "nombre": "Pedro Wladimir",
        "apellidos": "Cova Fuentes",
        "organismo": 37152,
        "empresa": null,
        "f_alta": "2025-11-10T13:04:54.659Z",
        "f_cambio": "2025-11-10T13:08:43.041Z",
        "f_baja": null
    }
},
{
    "model": "sistemas.usuario",
    "pk": "pfueher",
    "fields": {
        "email": "pfueher@gobiernodecanarias.org",
        "nombre": "Pedro",
        "apellidos": "Fuentes Hernández",
        "organismo": 37815,
        "empresa": null,
        "f_alta": "2026-04-06T13:07:53.975Z",
        "f_cambio": "2026-04-06T13:07:53.975Z",
        "f_baja": null
    }
},
{
    "model": "sistemas.usuario",
    "pk": "poragal",
    "fields": {
        "email": "poragal@gobiernodecanarias.org",
        "nombre": "Patricia",
        "apellidos": "Oramas Gallar",
        "organismo": 41854,
        "empresa": null,
        "f_alta": "2025-10-06T18:41:33.843Z",
        "f_cambio": "2025-10-06T18:41:33.843Z",
        "f_baja": null
    }
},
{
    "model": "sistemas.usuario",
    "pk": "ppelpue",
    "fields": {
        "email": "ppelpue@gobiernodecanarias.org",
        "nombre": "Pedro",
        "apellidos": "Peláez Puerto",
        "organismo": 39073,
        "empresa": null,
        "f_alta": "2026-04-26T18:48:07.873Z",
        "f_cambio": "2026-04-26T19:08:07.555Z",
        "f_baja": null
    }
},
{
    "model": "sistemas.usuario",
    "pk": "pruitov",
    "fields": {
        "email": "pruitov@gobiernodecanarias.org",
        "nombre": "Patricia",
        "apellidos": "Ruiz de Galarreta Tovar",
        "organismo": 42119,
        "empresa": null,
        "f_alta": "2025-11-26T13:01:44.529Z",
        "f_cambio": "2025-11-26T13:01:44.529Z",
        "f_baja": null
    }
},
{
    "model": "sistemas.usuario",
    "pk": "ragubau",
    "fields": {
        "email": "ragubau@gobiernodecanarias.org",
        "nombre": "Rafael Carlos",
        "apellidos": "Aguiar Bautista",
        "organismo": 42169,
        "empresa": null,
        "f_alta": "2026-04-26T19:30:37.642Z",
        "f_cambio": "2026-04-26T19:33:16.163Z",
        "f_baja": null
    }
},
{
    "model": "sistemas.usuario",
    "pk": "rcrugon",
    "fields": {
        "email": "rcrugon@gobiernodecanarias.org",
        "nombre": "Rebeca",
        "apellidos": "Cruz González",
        "organismo": 38691,
        "empresa": null,
        "f_alta": "2026-02-26T10:34:35.961Z",
        "f_cambio": "2026-02-26T10:34:35.961Z",
        "f_baja": null
    }
},
{
    "model": "sistemas.usuario",
    "pk": "rgalrod",
    "fields": {
        "email": "rgalrod@gobiernodecanarias.org",
        "nombre": "Rosa María",
        "apellidos": "Galindo Rodríguez",
        "organismo": 42093,
        "empresa": null,
        "f_alta": "2026-04-22T19:55:06.359Z",
        "f_cambio": "2026-04-22T19:55:06.359Z",
        "f_baja": null
    }
},
{
    "model": "sistemas.usuario",
    "pk": "rgongon",
    "fields": {
        "email": "rgongon@gobiernodecanarias.org",
        "nombre": "Ricardo",
        "apellidos": "González González",
        "organismo": 39060,
        "empresa": null,
        "f_alta": "2025-11-10T09:54:17.765Z",
        "f_cambio": "2025-11-10T09:54:17.765Z",
        "f_baja": null
    }
},
{
    "model": "sistemas.usuario",
    "pk": "rgongonj",
    "fields": {
        "email": "rgongonj@gobiernodecanarias.org",
        "nombre": "Rosa María",
        "apellidos": "González González",
        "organismo": 39060,
        "empresa": null,
        "f_alta": "2026-04-26T19:10:23.948Z",
        "f_cambio": "2026-04-26T19:14:08.031Z",
        "f_baja": null
    }
},
{
    "model": "sistemas.usuario",
    "pk": "rmuncam",
    "fields": {
        "email": "rmuncam@gobiernodecanarias.org",
        "nombre": "Rosa Nieves",
        "apellidos": "Muñoz Campos",
        "organismo": 42093,
        "empresa": null,
        "f_alta": "2025-10-02T08:12:31Z",
        "f_cambio": "2025-10-06T11:33:35.470Z",
        "f_baja": null
    }
},
{
    "model": "sistemas.usuario",
    "pk": "rpesper",
    "fields": {
        "email": "rpesper@gobiernodecanarias.org",
        "nombre": "Rosa Delia",
        "apellidos": "Pestana Pérez",
        "organismo": 42085,
        "empresa": null,
        "f_alta": "2026-04-26T18:08:18.928Z",
        "f_cambio": "2026-04-26T18:08:18.928Z",
        "f_baja": null
    }
},
{
    "model": "sistemas.usuario",
    "pk": "rregrod",
    "fields": {
        "email": "rregrod@gobiernodecanarias.org",
        "nombre": "Ricardo",
        "apellidos": "Del Reguero Rodríguez",
        "organismo": 42124,
        "empresa": null,
        "f_alta": "2026-04-13T10:36:37.973Z",
        "f_cambio": "2026-04-13T10:36:37.973Z",
        "f_baja": null
    }
},
{
    "model": "sistemas.usuario",
    "pk": "rrosver",
    "fields": {
        "email": "rrosver@gobiernodecanarias.org",
        "nombre": "Rafael",
        "apellidos": "del Rosario Verdú",
        "organismo": 7268,
        "empresa": null,
        "f_alta": "2025-10-06T18:41:33.780Z",
        "f_cambio": "2025-10-06T18:41:33.780Z",
        "f_baja": null
    }
},
{
    "model": "sistemas.usuario",
    "pk": "rtejchi",
    "fields": {
        "email": "rtejchi@gobiernodecanarias.org",
        "nombre": "Ruth Esther",
        "apellidos": "Tejera Chico",
        "organismo": 42165,
        "empresa": null,
        "f_alta": "2025-10-06T18:41:33.395Z",
        "f_cambio": "2025-10-06T18:41:33.395Z",
        "f_baja": null
    }
},
{
    "model": "sistemas.usuario",
    "pk": "smarabr",
    "fields": {
        "email": "smarabr@gobiernodecanarias.org",
        "nombre": "Sonia",
        "apellidos": "Martín de Abreu",
        "organismo": 42162,
        "empresa": null,
        "f_alta": "2025-11-11T09:28:27.025Z",
        "f_cambio": "2025-11-11T09:28:27.025Z",
        "f_baja": null
    }
},
{
    "model": "sistemas.usuario",
    "pk": "srobrod",
    "fields": {
        "email": "srobrod@gobiernodecanarias.org",
        "nombre": "María del Socorro",
        "apellidos": "Robador Rodríguez",
        "organismo": 42172,
        "empresa": null,
        "f_alta": "2026-04-26T19:23:33.449Z",
        "f_cambio": "2026-04-26T19:31:57.984Z",
        "f_baja": null
    }
},
{
    "model": "sistemas.usuario",
    "pk": "tlorare",
    "fields": {
        "email": "tlorare@gobiernodecanarias.org",
        "nombre": "Tomás",
        "apellidos": "Lorente Arencibia",
        "organismo": 42159,
        "empresa": null,
        "f_alta": "2025-10-06T18:41:34.090Z",
        "f_cambio": "2025-10-06T18:41:34.090Z",
        "f_baja": null
    }
},
{
    "model": "sistemas.usuario",
    "pk": "valmmar",
    "fields": {
        "email": "valmmar@gobiernodecanarias.org",
        "nombre": "Victor Manuel",
        "apellidos": "Almeida Martín",
        "organismo": 42163,
        "empresa": null,
        "f_alta": "2025-11-11T08:29:14.987Z",
        "f_cambio": "2025-11-11T08:29:14.987Z",
        "f_baja": null
    }
},
{
    "model": "sistemas.usuario",
    "pk": "vferlop",
    "fields": {
        "email": "vferlop@gobiernodecanarias.org",
        "nombre": "Vita Concepción",
        "apellidos": "Fernández López",
        "organismo": 42124,
        "empresa": null,
        "f_alta": "2025-11-05T20:12:09.547Z",
        "f_cambio": "2025-11-05T20:12:09.547Z",
        "f_baja": null
    }
},
{
    "model": "sistemas.usuario",
    "pk": "vrevbar",
    "fields": {
        "email": "vrevbar@gobiernodecanarias.org",
        "nombre": "Victor Manuel",
        "apellidos": "Reverón Barroso",
        "organismo": 42162,
        "empresa": null,
        "f_alta": "2025-11-11T09:24:36.608Z",
        "f_cambio": "2025-11-11T09:24:36.608Z",
        "f_baja": null
    }
},
{
    "model": "sistemas.usuario",
    "pk": "ysanalof",
    "fields": {
        "email": "ysanalof@gobiernodecanarias.org",
        "nombre": "Yeray",
        "apellidos": "Sánchez Alonso",
        "organismo": 42084,
        "empresa": null,
        "f_alta": "2025-10-06T12:55:54.890Z",
        "f_cambio": "2025-10-06T12:55:54.890Z",
        "f_baja": null
    }
},
{
    "model": "sistemas.usuario",
    "pk": "yviccab",
    "fields": {
        "email": "yviccab@gobiernodecanarias.org",
        "nombre": "Yaiza",
        "apellidos": "Vicente Cabañas",
        "organismo": 42158,
        "empresa": null,
        "f_alta": "2026-03-04T10:24:57.004Z",
        "f_cambio": "2026-03-04T10:24:57.004Z",
        "f_baja": null
    }
},
{
    "model": "sistemas.interlocutor",
    "pk": 1,
    "fields": {
        "usuario": "mgarrodx",
        "organismo": 42084,
        "f_alta": "2025-10-06T18:41:33.347Z",
        "f_cambio": "2025-10-06T18:41:33.347Z",
        "f_baja": null
    }
},
{
    "model": "sistemas.interlocutor",
    "pk": 2,
    "fields": {
        "usuario": "ysanalof",
        "organismo": 42084,
        "f_alta": "2025-10-06T18:41:33.355Z",
        "f_cambio": "2025-10-06T18:41:33.355Z",
        "f_baja": null
    }
},
{
    "model": "sistemas.interlocutor",
    "pk": 3,
    "fields": {
        "usuario": "mmarferc",
        "organismo": 42165,
        "f_alta": "2025-10-06T18:41:33.364Z",
        "f_cambio": "2025-10-06T18:41:33.364Z",
        "f_baja": null
    }
},
{
    "model": "sistemas.interlocutor",
    "pk": 4,
    "fields": {
        "usuario": "dsuapers",
        "organismo": 42165,
        "f_alta": "2025-10-06T18:41:33.373Z",
        "f_cambio": "2025-10-06T18:41:33.373Z",
        "f_baja": null
    }
},
{
    "model": "sistemas.interlocutor",
    "pk": 5,
    "fields": {
        "usuario": "jrobper",
        "organismo": 42165,
        "f_alta": "2025-10-06T18:41:33.383Z",
        "f_cambio": "2025-10-06T18:41:33.383Z",
        "f_baja": null
    }
},
{
    "model": "sistemas.interlocutor",
    "pk": 6,
    "fields": {
        "usuario": "rtejchi",
        "organismo": 42165,
        "f_alta": "2025-10-06T18:41:33.403Z",
        "f_cambio": "2025-10-06T18:41:33.403Z",
        "f_baja": null
    }
},
{
    "model": "sistemas.interlocutor",
    "pk": 7,
    "fields": {
        "usuario": "agilarm",
        "organismo": 42123,
        "f_alta": "2025-10-06T18:41:33.421Z",
        "f_cambio": "2025-10-06T18:41:33.421Z",
        "f_baja": null
    }
},
{
    "model": "sistemas.interlocutor",
    "pk": 8,
    "fields": {
        "usuario": "ffermar",
        "organismo": 42123,
        "f_alta": "2025-10-06T18:41:33.439Z",
        "f_cambio": "2025-10-06T18:41:33.439Z",
        "f_baja": null
    }
},
{
    "model": "sistemas.interlocutor",
    "pk": 9,
    "fields": {
        "usuario": "aloppui",
        "organismo": 42123,
        "f_alta": "2025-10-06T18:41:33.463Z",
        "f_cambio": "2025-10-06T18:41:33.463Z",
        "f_baja": null
    }
},
{
    "model": "sistemas.interlocutor",
    "pk": 10,
    "fields": {
        "usuario": "mspergon",
        "organismo": 42123,
        "f_alta": "2025-10-06T18:41:33.483Z",
        "f_cambio": "2025-10-06T18:41:33.483Z",
        "f_baja": null
    }
},
{
    "model": "sistemas.interlocutor",
    "pk": 11,
    "fields": {
        "usuario": "anhergue",
        "organismo": 42104,
        "f_alta": "2025-10-06T18:41:33.500Z",
        "f_cambio": "2025-10-06T18:41:33.500Z",
        "f_baja": null
    }
},
{
    "model": "sistemas.interlocutor",
    "pk": 12,
    "fields": {
        "usuario": "dnolsua",
        "organismo": 42086,
        "f_alta": "2025-10-06T18:41:33.514Z",
        "f_cambio": "2025-10-06T18:41:33.514Z",
        "f_baja": null
    }
},
{
    "model": "sistemas.interlocutor",
    "pk": 13,
    "fields": {
        "usuario": "fartjor",
        "organismo": 42086,
        "f_alta": "2025-10-06T18:41:33.531Z",
        "f_cambio": "2025-10-06T18:41:33.531Z",
        "f_baja": null
    }
},
{
    "model": "sistemas.interlocutor",
    "pk": 14,
    "fields": {
        "usuario": "itrubos",
        "organismo": 37815,
        "f_alta": "2025-10-06T18:41:33.547Z",
        "f_cambio": "2025-10-06T18:41:33.547Z",
        "f_baja": null
    }
},
{
    "model": "sistemas.interlocutor",
    "pk": 15,
    "fields": {
        "usuario": "jgonyanp",
        "organismo": 37829,
        "f_alta": "2025-10-06T18:41:33.564Z",
        "f_cambio": "2025-10-06T18:41:33.565Z",
        "f_baja": null
    }
},
{
    "model": "sistemas.interlocutor",
    "pk": 16,
    "fields": {
        "usuario": "mrodbat",
        "organismo": 42114,
        "f_alta": "2025-10-06T18:41:33.583Z",
        "f_cambio": "2025-10-06T18:41:33.583Z",
        "f_baja": null
    }
},
{
    "model": "sistemas.interlocutor",
    "pk": 17,
    "fields": {
        "usuario": "msuacol",
        "organismo": 42114,
        "f_alta": "2025-10-06T18:41:33.602Z",
        "f_cambio": "2025-10-06T18:41:33.602Z",
        "f_baja": null
    }
},
{
    "model": "sistemas.interlocutor",
    "pk": 18,
    "fields": {
        "usuario": "mvalher",
        "organismo": 37152,
        "f_alta": "2025-10-06T18:41:33.621Z",
        "f_cambio": "2025-10-06T18:41:33.621Z",
        "f_baja": null
    }
},
{
    "model": "sistemas.interlocutor",
    "pk": 19,
    "fields": {
        "usuario": "eferagu",
        "organismo": 42118,
        "f_alta": "2025-10-06T18:41:33.640Z",
        "f_cambio": "2025-10-06T18:41:33.640Z",
        "f_baja": null
    }
},
{
    "model": "sistemas.interlocutor",
    "pk": 21,
    "fields": {
        "usuario": "obetcur",
        "organismo": 42118,
        "f_alta": "2025-10-06T18:41:33.677Z",
        "f_cambio": "2025-10-06T18:41:33.677Z",
        "f_baja": null
    }
},
{
    "model": "sistemas.interlocutor",
    "pk": 22,
    "fields": {
        "usuario": "mhorama",
        "organismo": 42118,
        "f_alta": "2025-10-06T18:41:33.690Z",
        "f_cambio": "2025-10-06T18:41:33.690Z",
        "f_baja": null
    }
},
{
    "model": "sistemas.interlocutor",
    "pk": 23,
    "fields": {
        "usuario": "feugbau",
        "organismo": 42091,
        "f_alta": "2025-10-06T18:41:33.709Z",
        "f_cambio": "2025-10-06T18:41:33.709Z",
        "f_baja": null
    }
},
{
    "model": "sistemas.interlocutor",
    "pk": 24,
    "fields": {
        "usuario": "fojechi",
        "organismo": 42091,
        "f_alta": "2025-10-06T18:41:33.726Z",
        "f_cambio": "2025-10-06T18:41:33.726Z",
        "f_baja": null
    }
},
{
    "model": "sistemas.interlocutor",
    "pk": 25,
    "fields": {
        "usuario": "malosua",
        "organismo": 42091,
        "f_alta": "2025-10-06T18:41:33.738Z",
        "f_cambio": "2025-10-06T18:41:33.738Z",
        "f_baja": null
    }
},
{
    "model": "sistemas.interlocutor",
    "pk": 26,
    "fields": {
        "usuario": "lgalrev",
        "organismo": 42091,
        "f_alta": "2025-10-06T18:41:33.759Z",
        "f_cambio": "2025-10-06T18:41:33.759Z",
        "f_baja": null
    }
},
{
    "model": "sistemas.interlocutor",
    "pk": 27,
    "fields": {
        "usuario": "jrodleo",
        "organismo": 42091,
        "f_alta": "2025-10-06T18:41:33.770Z",
        "f_cambio": "2025-10-06T18:41:33.770Z",
        "f_baja": null
    }
},
{
    "model": "sistemas.interlocutor",
    "pk": 28,
    "fields": {
        "usuario": "rrosver",
        "organismo": 7268,
        "f_alta": "2025-10-06T18:41:33.791Z",
        "f_cambio": "2025-10-06T18:41:33.791Z",
        "f_baja": null
    }
},
{
    "model": "sistemas.interlocutor",
    "pk": 29,
    "fields": {
        "usuario": "gpalara",
        "organismo": 42136,
        "f_alta": "2025-10-06T18:41:33.807Z",
        "f_cambio": "2025-10-06T18:41:33.807Z",
        "f_baja": null
    }
},
{
    "model": "sistemas.interlocutor",
    "pk": 30,
    "fields": {
        "usuario": "atrudel",
        "organismo": 42136,
        "f_alta": "2025-10-06T18:41:33.820Z",
        "f_cambio": "2025-10-06T18:41:33.820Z",
        "f_baja": null
    }
},
{
    "model": "sistemas.interlocutor",
    "pk": 31,
    "fields": {
        "usuario": "dmarsanl",
        "organismo": 41854,
        "f_alta": "2025-10-06T18:41:33.835Z",
        "f_cambio": "2025-10-06T18:41:33.835Z",
        "f_baja": null
    }
},
{
    "model": "sistemas.interlocutor",
    "pk": 32,
    "fields": {
        "usuario": "poragal",
        "organismo": 41854,
        "f_alta": "2025-10-06T18:41:33.849Z",
        "f_cambio": "2025-10-06T18:41:33.849Z",
        "f_baja": null
    }
},
{
    "model": "sistemas.interlocutor",
    "pk": 33,
    "fields": {
        "usuario": "hgargarg",
        "organismo": 41854,
        "f_alta": "2025-10-06T18:41:33.869Z",
        "f_cambio": "2025-10-06T18:41:33.869Z",
        "f_baja": null
    }
},
{
    "model": "sistemas.interlocutor",
    "pk": 34,
    "fields": {
        "usuario": "aumenperp",
        "organismo": 41854,
        "f_alta": "2025-10-06T18:41:33.888Z",
        "f_cambio": "2025-10-06T18:41:33.888Z",
        "f_baja": null
    }
},
{
    "model": "sistemas.interlocutor",
    "pk": 35,
    "fields": {
        "usuario": "malvmar",
        "organismo": 6547,
        "f_alta": "2025-10-06T18:41:33.907Z",
        "f_cambio": "2025-10-06T18:41:33.908Z",
        "f_baja": null
    }
},
{
    "model": "sistemas.interlocutor",
    "pk": 36,
    "fields": {
        "usuario": "apergarc",
        "organismo": 6547,
        "f_alta": "2025-10-06T18:41:33.925Z",
        "f_cambio": "2025-10-06T18:41:33.925Z",
        "f_baja": null
    }
},
{
    "model": "sistemas.interlocutor",
    "pk": 37,
    "fields": {
        "usuario": "jmorrom",
        "organismo": 6547,
        "f_alta": "2025-10-06T18:41:33.941Z",
        "f_cambio": "2025-10-06T18:41:33.941Z",
        "f_baja": null
    }
},
{
    "model": "sistemas.interlocutor",
    "pk": 38,
    "fields": {
        "usuario": "almudena.alvarado",
        "organismo": 6564,
        "f_alta": "2025-10-06T18:41:33.954Z",
        "f_cambio": "2025-10-06T18:41:33.954Z",
        "f_baja": null
    }
},
{
    "model": "sistemas.interlocutor",
    "pk": 39,
    "fields": {
        "usuario": "mgonmar10",
        "organismo": 6564,
        "f_alta": "2025-10-06T18:41:33.972Z",
        "f_cambio": "2025-10-06T18:41:33.972Z",
        "f_baja": null
    }
},
{
    "model": "sistemas.interlocutor",
    "pk": 40,
    "fields": {
        "usuario": "nluiyan",
        "organismo": 6594,
        "f_alta": "2025-10-06T18:41:33.997Z",
        "f_cambio": "2025-10-06T18:41:33.997Z",
        "f_baja": null
    }
},
{
    "model": "sistemas.interlocutor",
    "pk": 41,
    "fields": {
        "usuario": "jgarbeng",
        "organismo": 42149,
        "f_alta": "2025-10-06T18:41:34.023Z",
        "f_cambio": "2025-10-06T18:41:34.023Z",
        "f_baja": null
    }
},
{
    "model": "sistemas.interlocutor",
    "pk": 42,
    "fields": {
        "usuario": "jtresan",
        "organismo": 42149,
        "f_alta": "2025-10-06T18:41:34.050Z",
        "f_cambio": "2025-10-06T18:41:34.050Z",
        "f_baja": null
    }
},
{
    "model": "sistemas.interlocutor",
    "pk": 43,
    "fields": {
        "usuario": "mjgarsan",
        "organismo": 42159,
        "f_alta": "2025-10-06T18:41:34.076Z",
        "f_cambio": "2025-10-06T18:41:34.076Z",
        "f_baja": null
    }
},
{
    "model": "sistemas.interlocutor",
    "pk": 44,
    "fields": {
        "usuario": "tlorare",
        "organismo": 42159,
        "f_alta": "2025-10-06T18:41:34.099Z",
        "f_cambio": "2025-10-06T18:41:34.099Z",
        "f_baja": null
    }
},
{
    "model": "sistemas.interlocutor",
    "pk": 45,
    "fields": {
        "usuario": "aberfer",
        "organismo": 42159,
        "f_alta": "2025-10-06T18:41:34.121Z",
        "f_cambio": "2025-10-06T18:41:34.122Z",
        "f_baja": null
    }
},
{
    "model": "sistemas.interlocutor",
    "pk": 46,
    "fields": {
        "usuario": "mnavherz",
        "organismo": 42159,
        "f_alta": "2025-10-06T18:41:34.145Z",
        "f_cambio": "2025-10-06T18:41:34.145Z",
        "f_baja": null
    }
},
{
    "model": "sistemas.interlocutor",
    "pk": 47,
    "fields": {
        "usuario": "jfrosmar",
        "organismo": 39166,
        "f_alta": "2025-10-06T18:41:34.170Z",
        "f_cambio": "2025-10-06T18:41:34.170Z",
        "f_baja": null
    }
},
{
    "model": "sistemas.interlocutor",
    "pk": 48,
    "fields": {
        "usuario": "nferzam",
        "organismo": 39166,
        "f_alta": "2025-10-06T18:41:34.186Z",
        "f_cambio": "2025-10-06T18:41:34.186Z",
        "f_baja": null
    }
},
{
    "model": "sistemas.interlocutor",
    "pk": 49,
    "fields": {
        "usuario": "mgonjorf",
        "organismo": 42143,
        "f_alta": "2025-10-06T18:41:34.199Z",
        "f_cambio": "2025-10-06T18:41:34.199Z",
        "f_baja": null
    }
},
{
    "model": "sistemas.interlocutor",
    "pk": 50,
    "fields": {
        "usuario": "omarram",
        "organismo": 42143,
        "f_alta": "2025-10-06T18:41:34.216Z",
        "f_cambio": "2025-10-06T18:41:34.216Z",
        "f_baja": null
    }
},
{
    "model": "sistemas.interlocutor",
    "pk": 51,
    "fields": {
        "usuario": "lrodfaln",
        "organismo": 42143,
        "f_alta": "2025-10-06T18:41:34.233Z",
        "f_cambio": "2025-10-06T18:41:34.234Z",
        "f_baja": null
    }
},
{
    "model": "sistemas.interlocutor",
    "pk": 52,
    "fields": {
        "usuario": "mogarsan",
        "organismo": 42150,
        "f_alta": "2025-10-06T18:41:34.258Z",
        "f_cambio": "2025-10-06T18:41:34.258Z",
        "f_baja": null
    }
},
{
    "model": "sistemas.interlocutor",
    "pk": 53,
    "fields": {
        "usuario": "bherafor",
        "organismo": 42150,
        "f_alta": "2025-10-06T18:41:34.285Z",
        "f_cambio": "2025-10-06T18:41:34.285Z",
        "f_baja": null
    }
},
{
    "model": "sistemas.interlocutor",
    "pk": 54,
    "fields": {
        "usuario": "ffermar",
        "organismo": 38691,
        "f_alta": "2025-10-22T10:59:19.571Z",
        "f_cambio": "2025-10-22T10:59:19.571Z",
        "f_baja": null
    }
},
{
    "model": "sistemas.interlocutor",
    "pk": 55,
    "fields": {
        "usuario": "aloppui",
        "organismo": 38691,
        "f_alta": "2025-10-22T11:00:02.741Z",
        "f_cambio": "2025-10-22T11:00:02.741Z",
        "f_baja": null
    }
},
{
    "model": "sistemas.interlocutor",
    "pk": 56,
    "fields": {
        "usuario": "mspergon",
        "organismo": 38691,
        "f_alta": "2025-10-22T11:00:18.703Z",
        "f_cambio": "2025-10-22T11:00:18.703Z",
        "f_baja": null
    }
},
{
    "model": "sistemas.interlocutor",
    "pk": 57,
    "fields": {
        "usuario": "jbejgar",
        "organismo": 42149,
        "f_alta": "2025-11-17T14:40:48.726Z",
        "f_cambio": "2025-11-17T14:40:48.726Z",
        "f_baja": null
    }
},
{
    "model": "sistemas.interlocutor",
    "pk": 58,
    "fields": {
        "usuario": "fviegon",
        "organismo": 42118,
        "f_alta": "2026-03-24T11:24:59.735Z",
        "f_cambio": "2026-03-24T11:24:59.735Z",
        "f_baja": null
    }
},
{
    "model": "sistemas.perfil",
    "pk": 1,
    "fields": {
        "usuario": "malosua",
        "cometido": "FUN",
        "sistema": 1,
        "f_alta": "2025-10-02T08:36:57Z",
        "f_cambio": "2025-10-02T08:36:57Z",
        "f_baja": null
    }
},
{
    "model": "sistemas.perfil",
    "pk": 2,
    "fields": {
        "usuario": "fbezcar",
        "cometido": "FUN",
        "sistema": 10,
        "f_alta": "2025-10-02T08:36:57Z",
        "f_cambio": "2025-10-02T08:36:57Z",
        "f_baja": null
    }
},
{
    "model": "sistemas.perfil",
    "pk": 3,
    "fields": {
        "usuario": "crivlez",
        "cometido": "FUN",
        "sistema": 11,
        "f_alta": "2025-10-02T08:36:57Z",
        "f_cambio": "2025-10-02T08:36:57Z",
        "f_baja": null
    }
},
{
    "model": "sistemas.perfil",
    "pk": 4,
    "fields": {
        "usuario": "crivlez",
        "cometido": "FUN",
        "sistema": 12,
        "f_alta": "2025-10-02T08:36:57Z",
        "f_cambio": "2025-10-02T08:36:57Z",
        "f_baja": null
    }
},
{
    "model": "sistemas.perfil",
    "pk": 5,
    "fields": {
        "usuario": "jrodleo",
        "cometido": "TEC",
        "sistema": 1,
        "f_alta": "2025-10-02T08:36:57Z",
        "f_cambio": "2025-10-02T08:36:57Z",
        "f_baja": null
    }
},
{
    "model": "sistemas.perfil",
    "pk": 6,
    "fields": {
        "usuario": "pcanper",
        "cometido": "TEC",
        "sistema": 10,
        "f_alta": "2025-10-02T08:36:57Z",
        "f_cambio": "2025-10-02T08:36:57Z",
        "f_baja": null
    }
},
{
    "model": "sistemas.perfil",
    "pk": 7,
    "fields": {
        "usuario": "rmuncam",
        "cometido": "TEC",
        "sistema": 12,
        "f_alta": "2025-10-02T08:36:57Z",
        "f_cambio": "2025-10-02T08:36:57Z",
        "f_baja": null
    }
},
{
    "model": "sistemas.perfil",
    "pk": 13,
    "fields": {
        "usuario": "jrodleo",
        "cometido": "TEC",
        "sistema": 14,
        "f_alta": "2025-11-05T15:18:55.090Z",
        "f_cambio": "2025-11-05T15:18:55.090Z",
        "f_baja": null
    }
},
{
    "model": "sistemas.perfil",
    "pk": 14,
    "fields": {
        "usuario": "malosua",
        "cometido": "FUN",
        "sistema": 14,
        "f_alta": "2025-11-05T15:19:31.506Z",
        "f_cambio": "2025-11-05T15:19:31.506Z",
        "f_baja": null
    }
},
{
    "model": "sistemas.perfil",
    "pk": 17,
    "fields": {
        "usuario": "jgommar",
        "cometido": "TEC",
        "sistema": 24,
        "f_alta": "2025-11-05T19:51:11.765Z",
        "f_cambio": "2025-11-05T19:51:11.765Z",
        "f_baja": null
    }
},
{
    "model": "sistemas.perfil",
    "pk": 18,
    "fields": {
        "usuario": "mpeibos",
        "cometido": "FUN",
        "sistema": 24,
        "f_alta": "2025-11-05T19:52:56.913Z",
        "f_cambio": "2025-11-05T19:52:56.913Z",
        "f_baja": null
    }
},
{
    "model": "sistemas.perfil",
    "pk": 19,
    "fields": {
        "usuario": "jtardel",
        "cometido": "TEC",
        "sistema": 26,
        "f_alta": "2025-11-05T20:00:01.984Z",
        "f_cambio": "2025-11-05T20:00:01.984Z",
        "f_baja": null
    }
},
{
    "model": "sistemas.perfil",
    "pk": 20,
    "fields": {
        "usuario": "vferlop",
        "cometido": "FUN",
        "sistema": 26,
        "f_alta": "2025-11-05T20:12:17.336Z",
        "f_cambio": "2025-11-05T20:12:17.336Z",
        "f_baja": null
    }
},
{
    "model": "sistemas.perfil",
    "pk": 21,
    "fields": {
        "usuario": "mperbej",
        "cometido": "FUN",
        "sistema": 26,
        "f_alta": "2025-11-05T20:14:40.565Z",
        "f_cambio": "2025-11-05T20:14:40.565Z",
        "f_baja": null
    }
},
{
    "model": "sistemas.perfil",
    "pk": 22,
    "fields": {
        "usuario": "gojezam",
        "cometido": "FUN",
        "sistema": 26,
        "f_alta": "2025-11-05T20:17:17.193Z",
        "f_cambio": "2025-11-05T20:17:17.193Z",
        "f_baja": null
    }
},
{
    "model": "sistemas.perfil",
    "pk": 23,
    "fields": {
        "usuario": "mmaycac",
        "cometido": "FUN",
        "sistema": 24,
        "f_alta": "2025-11-05T20:20:55.203Z",
        "f_cambio": "2025-11-05T20:20:55.203Z",
        "f_baja": null
    }
},
{
    "model": "sistemas.perfil",
    "pk": 24,
    "fields": {
        "usuario": "mrodbraz",
        "cometido": "FUN",
        "sistema": 24,
        "f_alta": "2025-11-05T20:24:04.118Z",
        "f_cambio": "2025-11-05T20:24:04.118Z",
        "f_baja": null
    }
},
{
    "model": "sistemas.perfil",
    "pk": 26,
    "fields": {
        "usuario": "malvmar",
        "cometido": "TEC",
        "sistema": 29,
        "f_alta": "2025-11-07T15:21:41.498Z",
        "f_cambio": "2025-11-07T15:21:41.498Z",
        "f_baja": null
    }
},
{
    "model": "sistemas.perfil",
    "pk": 27,
    "fields": {
        "usuario": "jgonperk",
        "cometido": "TEC",
        "sistema": 29,
        "f_alta": "2025-11-07T15:25:12.478Z",
        "f_cambio": "2025-11-07T15:25:12.478Z",
        "f_baja": null
    }
},
{
    "model": "sistemas.perfil",
    "pk": 28,
    "fields": {
        "usuario": "msoslac",
        "cometido": "FUN",
        "sistema": 29,
        "f_alta": "2025-11-07T15:28:38.646Z",
        "f_cambio": "2025-11-07T15:28:38.646Z",
        "f_baja": null
    }
},
{
    "model": "sistemas.perfil",
    "pk": 30,
    "fields": {
        "usuario": "malvmar",
        "cometido": "TEC",
        "sistema": 30,
        "f_alta": "2025-11-07T15:31:30.295Z",
        "f_cambio": "2025-11-07T15:31:30.296Z",
        "f_baja": null
    }
},
{
    "model": "sistemas.perfil",
    "pk": 31,
    "fields": {
        "usuario": "amarbri",
        "cometido": "TEC",
        "sistema": 30,
        "f_alta": "2025-11-07T15:33:57.436Z",
        "f_cambio": "2025-11-07T15:33:57.436Z",
        "f_baja": null
    }
},
{
    "model": "sistemas.perfil",
    "pk": 33,
    "fields": {
        "usuario": "cpergarm",
        "cometido": "FUN",
        "sistema": 30,
        "f_alta": "2025-11-07T15:38:08.117Z",
        "f_cambio": "2025-11-07T15:38:08.117Z",
        "f_baja": null
    }
},
{
    "model": "sistemas.perfil",
    "pk": 34,
    "fields": {
        "usuario": "malvmar",
        "cometido": "TEC",
        "sistema": 31,
        "f_alta": "2025-11-07T15:41:23.520Z",
        "f_cambio": "2025-11-07T15:41:23.520Z",
        "f_baja": null
    }
},
{
    "model": "sistemas.perfil",
    "pk": 35,
    "fields": {
        "usuario": "amarbri",
        "cometido": "TEC",
        "sistema": 31,
        "f_alta": "2025-11-07T15:41:50.280Z",
        "f_cambio": "2025-11-07T15:41:50.280Z",
        "f_baja": null
    }
},
{
    "model": "sistemas.perfil",
    "pk": 36,
    "fields": {
        "usuario": "cpergarm",
        "cometido": "FUN",
        "sistema": 31,
        "f_alta": "2025-11-07T15:42:11.222Z",
        "f_cambio": "2025-11-07T15:42:11.222Z",
        "f_baja": null
    }
},
{
    "model": "sistemas.perfil",
    "pk": 37,
    "fields": {
        "usuario": "malvmar",
        "cometido": "TEC",
        "sistema": 32,
        "f_alta": "2025-11-07T15:46:45.916Z",
        "f_cambio": "2025-11-07T15:46:45.916Z",
        "f_baja": null
    }
},
{
    "model": "sistemas.perfil",
    "pk": 38,
    "fields": {
        "usuario": "amarbri",
        "cometido": "TEC",
        "sistema": 32,
        "f_alta": "2025-11-07T15:47:10.801Z",
        "f_cambio": "2025-11-07T15:47:10.801Z",
        "f_baja": null
    }
},
{
    "model": "sistemas.perfil",
    "pk": 39,
    "fields": {
        "usuario": "cpergarm",
        "cometido": "FUN",
        "sistema": 32,
        "f_alta": "2025-11-07T15:47:27.823Z",
        "f_cambio": "2025-11-07T15:47:27.824Z",
        "f_baja": null
    }
},
{
    "model": "sistemas.perfil",
    "pk": 40,
    "fields": {
        "usuario": "malvmar",
        "cometido": "TEC",
        "sistema": 33,
        "f_alta": "2025-11-07T15:50:11.904Z",
        "f_cambio": "2025-11-07T15:50:11.904Z",
        "f_baja": null
    }
},
{
    "model": "sistemas.perfil",
    "pk": 41,
    "fields": {
        "usuario": "amarbri",
        "cometido": "TEC",
        "sistema": 33,
        "f_alta": "2025-11-07T15:50:25.487Z",
        "f_cambio": "2025-11-07T15:50:25.487Z",
        "f_baja": null
    }
},
{
    "model": "sistemas.perfil",
    "pk": 42,
    "fields": {
        "usuario": "cpergarm",
        "cometido": "FUN",
        "sistema": 33,
        "f_alta": "2025-11-07T15:50:36.360Z",
        "f_cambio": "2025-11-07T15:50:36.360Z",
        "f_baja": null
    }
},
{
    "model": "sistemas.perfil",
    "pk": 44,
    "fields": {
        "usuario": "malvmar",
        "cometido": "TEC",
        "sistema": 35,
        "f_alta": "2025-11-07T16:05:58.117Z",
        "f_cambio": "2025-11-07T16:05:58.117Z",
        "f_baja": null
    }
},
{
    "model": "sistemas.perfil",
    "pk": 45,
    "fields": {
        "usuario": "cpergarm",
        "cometido": "FUN",
        "sistema": 35,
        "f_alta": "2025-11-07T16:08:01.552Z",
        "f_cambio": "2025-11-07T16:08:01.552Z",
        "f_baja": null
    }
},
{
    "model": "sistemas.perfil",
    "pk": 46,
    "fields": {
        "usuario": "mgarrodx",
        "cometido": "TEC",
        "sistema": 39,
        "f_alta": "2025-11-10T09:46:50.192Z",
        "f_cambio": "2025-11-10T09:46:50.193Z",
        "f_baja": null
    }
},
{
    "model": "sistemas.perfil",
    "pk": 47,
    "fields": {
        "usuario": "rgongon",
        "cometido": "FUN",
        "sistema": 39,
        "f_alta": "2025-11-10T09:54:23.918Z",
        "f_cambio": "2025-11-10T09:54:23.918Z",
        "f_baja": null
    }
},
{
    "model": "sistemas.perfil",
    "pk": 48,
    "fields": {
        "usuario": "mgarrodx",
        "cometido": "TEC",
        "sistema": 40,
        "f_alta": "2025-11-10T10:12:01.939Z",
        "f_cambio": "2025-11-10T10:12:01.939Z",
        "f_baja": null
    }
},
{
    "model": "sistemas.perfil",
    "pk": 49,
    "fields": {
        "usuario": "esgonnun",
        "cometido": "FUN",
        "sistema": 40,
        "f_alta": "2025-11-10T10:16:19.571Z",
        "f_cambio": "2025-11-10T10:16:19.571Z",
        "f_baja": null
    }
},
{
    "model": "sistemas.perfil",
    "pk": 50,
    "fields": {
        "usuario": "mrodlav",
        "cometido": "TEC",
        "sistema": 41,
        "f_alta": "2025-11-10T10:20:36.029Z",
        "f_cambio": "2025-11-10T10:20:36.029Z",
        "f_baja": null
    }
},
{
    "model": "sistemas.perfil",
    "pk": 51,
    "fields": {
        "usuario": "mgarrodx",
        "cometido": "TEC",
        "sistema": 42,
        "f_alta": "2025-11-10T10:22:02.307Z",
        "f_cambio": "2025-11-10T10:22:02.307Z",
        "f_baja": null
    }
},
{
    "model": "sistemas.perfil",
    "pk": 52,
    "fields": {
        "usuario": "jhercrum",
        "cometido": "FUN",
        "sistema": 42,
        "f_alta": "2025-11-10T10:24:05.387Z",
        "f_cambio": "2025-11-10T10:24:05.387Z",
        "f_baja": null
    }
},
{
    "model": "sistemas.perfil",
    "pk": 53,
    "fields": {
        "usuario": "mgarrodx",
        "cometido": "TEC",
        "sistema": 43,
        "f_alta": "2025-11-10T10:26:14.377Z",
        "f_cambio": "2025-11-10T10:26:14.377Z",
        "f_baja": null
    }
},
{
    "model": "sistemas.perfil",
    "pk": 54,
    "fields": {
        "usuario": "acarromb",
        "cometido": "FUN",
        "sistema": 43,
        "f_alta": "2025-11-10T10:26:32.717Z",
        "f_cambio": "2025-11-10T10:26:32.717Z",
        "f_baja": null
    }
},
{
    "model": "sistemas.perfil",
    "pk": 55,
    "fields": {
        "usuario": "mgarrodx",
        "cometido": "TEC",
        "sistema": 13,
        "f_alta": "2025-11-10T10:28:21.809Z",
        "f_cambio": "2025-11-10T10:28:21.809Z",
        "f_baja": null
    }
},
{
    "model": "sistemas.perfil",
    "pk": 56,
    "fields": {
        "usuario": "acarromb",
        "cometido": "FUN",
        "sistema": 13,
        "f_alta": "2025-11-10T10:28:36.153Z",
        "f_cambio": "2025-11-10T10:28:36.153Z",
        "f_baja": null
    }
},
{
    "model": "sistemas.perfil",
    "pk": 57,
    "fields": {
        "usuario": "jtardel",
        "cometido": "TEC",
        "sistema": 55,
        "f_alta": "2025-11-10T11:31:10.098Z",
        "f_cambio": "2025-11-10T11:31:10.098Z",
        "f_baja": null
    }
},
{
    "model": "sistemas.perfil",
    "pk": 58,
    "fields": {
        "usuario": "gojezam",
        "cometido": "FUN",
        "sistema": 55,
        "f_alta": "2025-11-10T11:31:34.614Z",
        "f_cambio": "2025-11-10T11:31:34.614Z",
        "f_baja": null
    }
},
{
    "model": "sistemas.perfil",
    "pk": 59,
    "fields": {
        "usuario": "vferlop",
        "cometido": "FUN",
        "sistema": 55,
        "f_alta": "2025-11-10T11:33:09.071Z",
        "f_cambio": "2025-11-10T11:33:09.071Z",
        "f_baja": null
    }
},
{
    "model": "sistemas.perfil",
    "pk": 60,
    "fields": {
        "usuario": "fcabherl",
        "cometido": "TEC",
        "sistema": 56,
        "f_alta": "2025-11-10T12:33:55.196Z",
        "f_cambio": "2025-11-10T12:33:55.196Z",
        "f_baja": null
    }
},
{
    "model": "sistemas.perfil",
    "pk": 61,
    "fields": {
        "usuario": "jrosperf",
        "cometido": "FUN",
        "sistema": 56,
        "f_alta": "2025-11-10T12:35:28.293Z",
        "f_cambio": "2025-11-10T12:35:28.293Z",
        "f_baja": null
    }
},
{
    "model": "sistemas.perfil",
    "pk": 62,
    "fields": {
        "usuario": "igoncar",
        "cometido": "FUN",
        "sistema": 56,
        "f_alta": "2025-11-10T12:37:02.532Z",
        "f_cambio": "2025-11-10T12:37:26.017Z",
        "f_baja": null
    }
},
{
    "model": "sistemas.perfil",
    "pk": 63,
    "fields": {
        "usuario": "esosperm",
        "cometido": "FUN",
        "sistema": 56,
        "f_alta": "2025-11-10T12:39:37.154Z",
        "f_cambio": "2025-11-10T12:39:37.154Z",
        "f_baja": null
    }
},
{
    "model": "sistemas.perfil",
    "pk": 64,
    "fields": {
        "usuario": "pcovfue",
        "cometido": "TEC",
        "sistema": 59,
        "f_alta": "2025-11-10T13:05:01.024Z",
        "f_cambio": "2025-11-10T13:05:01.024Z",
        "f_baja": null
    }
},
{
    "model": "sistemas.perfil",
    "pk": 65,
    "fields": {
        "usuario": "pcovfue",
        "cometido": "TEC",
        "sistema": 60,
        "f_alta": "2025-11-10T13:09:11.992Z",
        "f_cambio": "2025-11-10T13:09:11.992Z",
        "f_baja": null
    }
},
{
    "model": "sistemas.perfil",
    "pk": 66,
    "fields": {
        "usuario": "gpalara",
        "cometido": "TEC",
        "sistema": 62,
        "f_alta": "2025-11-10T14:26:30.627Z",
        "f_cambio": "2025-11-10T14:26:30.627Z",
        "f_baja": null
    }
},
{
    "model": "sistemas.perfil",
    "pk": 67,
    "fields": {
        "usuario": "gpalara",
        "cometido": "TEC",
        "sistema": 63,
        "f_alta": "2025-11-10T14:28:27.107Z",
        "f_cambio": "2025-11-10T14:28:27.107Z",
        "f_baja": null
    }
},
{
    "model": "sistemas.perfil",
    "pk": 68,
    "fields": {
        "usuario": "mblabau",
        "cometido": "FUN",
        "sistema": 63,
        "f_alta": "2025-11-10T14:30:30.913Z",
        "f_cambio": "2025-11-10T14:30:30.913Z",
        "f_baja": null
    }
},
{
    "model": "sistemas.perfil",
    "pk": 69,
    "fields": {
        "usuario": "mblabau",
        "cometido": "FUN",
        "sistema": 62,
        "f_alta": "2025-11-10T14:30:43.796Z",
        "f_cambio": "2025-11-10T14:30:43.796Z",
        "f_baja": null
    }
},
{
    "model": "sistemas.perfil",
    "pk": 70,
    "fields": {
        "usuario": "gpalara",
        "cometido": "TEC",
        "sistema": 64,
        "f_alta": "2025-11-10T14:33:05.365Z",
        "f_cambio": "2025-11-10T14:33:05.365Z",
        "f_baja": null
    }
},
{
    "model": "sistemas.perfil",
    "pk": 71,
    "fields": {
        "usuario": "atrudel",
        "cometido": "FUN",
        "sistema": 64,
        "f_alta": "2025-11-10T14:33:22.103Z",
        "f_cambio": "2025-11-10T14:33:22.103Z",
        "f_baja": null
    }
},
{
    "model": "sistemas.perfil",
    "pk": 72,
    "fields": {
        "usuario": "gpalara",
        "cometido": "TEC",
        "sistema": 65,
        "f_alta": "2025-11-10T14:35:29.779Z",
        "f_cambio": "2025-11-10T14:35:29.779Z",
        "f_baja": null
    }
},
{
    "model": "sistemas.perfil",
    "pk": 73,
    "fields": {
        "usuario": "atrudel",
        "cometido": "FUN",
        "sistema": 65,
        "f_alta": "2025-11-10T14:35:44.530Z",
        "f_cambio": "2025-11-10T14:35:44.530Z",
        "f_baja": null
    }
},
{
    "model": "sistemas.perfil",
    "pk": 74,
    "fields": {
        "usuario": "mnavherz",
        "cometido": "TEC",
        "sistema": 66,
        "f_alta": "2025-11-11T07:58:20.037Z",
        "f_cambio": "2025-11-11T07:58:20.037Z",
        "f_baja": null
    }
},
{
    "model": "sistemas.perfil",
    "pk": 75,
    "fields": {
        "usuario": "mjgarsan",
        "cometido": "TEC",
        "sistema": 66,
        "f_alta": "2025-11-11T07:58:38.117Z",
        "f_cambio": "2025-11-11T07:58:38.117Z",
        "f_baja": null
    }
},
{
    "model": "sistemas.perfil",
    "pk": 76,
    "fields": {
        "usuario": "tlorare",
        "cometido": "TEC",
        "sistema": 66,
        "f_alta": "2025-11-11T07:58:53.510Z",
        "f_cambio": "2025-11-11T07:58:53.510Z",
        "f_baja": null
    }
},
{
    "model": "sistemas.perfil",
    "pk": 77,
    "fields": {
        "usuario": "mnavherz",
        "cometido": "FUN",
        "sistema": 66,
        "f_alta": "2025-11-11T07:59:10.419Z",
        "f_cambio": "2025-11-11T07:59:10.419Z",
        "f_baja": null
    }
},
{
    "model": "sistemas.perfil",
    "pk": 78,
    "fields": {
        "usuario": "mnavherz",
        "cometido": "TEC",
        "sistema": 67,
        "f_alta": "2025-11-11T08:03:08.787Z",
        "f_cambio": "2025-11-11T08:03:23.644Z",
        "f_baja": null
    }
},
{
    "model": "sistemas.perfil",
    "pk": 79,
    "fields": {
        "usuario": "mnavherz",
        "cometido": "FUN",
        "sistema": 67,
        "f_alta": "2025-11-11T08:03:35.781Z",
        "f_cambio": "2025-11-11T08:03:35.781Z",
        "f_baja": null
    }
},
{
    "model": "sistemas.perfil",
    "pk": 80,
    "fields": {
        "usuario": "mjgarsan",
        "cometido": "TEC",
        "sistema": 67,
        "f_alta": "2025-11-11T08:03:50.923Z",
        "f_cambio": "2025-11-11T08:03:50.923Z",
        "f_baja": null
    }
},
{
    "model": "sistemas.perfil",
    "pk": 81,
    "fields": {
        "usuario": "tlorare",
        "cometido": "TEC",
        "sistema": 67,
        "f_alta": "2025-11-11T08:04:02.099Z",
        "f_cambio": "2025-11-11T08:04:02.099Z",
        "f_baja": null
    }
},
{
    "model": "sistemas.perfil",
    "pk": 82,
    "fields": {
        "usuario": "mnavherz",
        "cometido": "FUN",
        "sistema": 68,
        "f_alta": "2025-11-11T08:05:56.883Z",
        "f_cambio": "2025-11-11T08:05:56.883Z",
        "f_baja": null
    }
},
{
    "model": "sistemas.perfil",
    "pk": 83,
    "fields": {
        "usuario": "mnavherz",
        "cometido": "TEC",
        "sistema": 68,
        "f_alta": "2025-11-11T08:06:04.321Z",
        "f_cambio": "2025-11-11T08:06:04.321Z",
        "f_baja": null
    }
},
{
    "model": "sistemas.perfil",
    "pk": 84,
    "fields": {
        "usuario": "mjgarsan",
        "cometido": "TEC",
        "sistema": 68,
        "f_alta": "2025-11-11T08:06:15.196Z",
        "f_cambio": "2025-11-11T08:06:15.196Z",
        "f_baja": null
    }
},
{
    "model": "sistemas.perfil",
    "pk": 85,
    "fields": {
        "usuario": "tlorare",
        "cometido": "TEC",
        "sistema": 68,
        "f_alta": "2025-11-11T08:06:30.197Z",
        "f_cambio": "2025-11-11T08:06:30.197Z",
        "f_baja": null
    }
},
{
    "model": "sistemas.perfil",
    "pk": 86,
    "fields": {
        "usuario": "mnavherz",
        "cometido": "FUN",
        "sistema": 69,
        "f_alta": "2025-11-11T08:08:53.353Z",
        "f_cambio": "2025-11-11T08:08:53.353Z",
        "f_baja": null
    }
},
{
    "model": "sistemas.perfil",
    "pk": 87,
    "fields": {
        "usuario": "mnavherz",
        "cometido": "TEC",
        "sistema": 69,
        "f_alta": "2025-11-11T08:09:01.035Z",
        "f_cambio": "2025-11-11T08:09:01.035Z",
        "f_baja": null
    }
},
{
    "model": "sistemas.perfil",
    "pk": 88,
    "fields": {
        "usuario": "mjgarsan",
        "cometido": "TEC",
        "sistema": 69,
        "f_alta": "2025-11-11T08:09:14.727Z",
        "f_cambio": "2025-11-11T08:09:14.727Z",
        "f_baja": null
    }
},
{
    "model": "sistemas.perfil",
    "pk": 89,
    "fields": {
        "usuario": "tlorare",
        "cometido": "TEC",
        "sistema": 69,
        "f_alta": "2025-11-11T08:09:26.114Z",
        "f_cambio": "2025-11-11T08:09:26.114Z",
        "f_baja": null
    }
},
{
    "model": "sistemas.perfil",
    "pk": 93,
    "fields": {
        "usuario": "jjgarcar",
        "cometido": "TEC",
        "sistema": 70,
        "f_alta": "2025-11-11T08:18:08.159Z",
        "f_cambio": "2025-11-11T08:18:08.159Z",
        "f_baja": null
    }
},
{
    "model": "sistemas.perfil",
    "pk": 94,
    "fields": {
        "usuario": "asanmonx",
        "cometido": "TEC",
        "sistema": 70,
        "f_alta": "2025-11-11T08:18:23.156Z",
        "f_cambio": "2025-11-11T08:18:23.156Z",
        "f_baja": null
    }
},
{
    "model": "sistemas.perfil",
    "pk": 95,
    "fields": {
        "usuario": "asanmonx",
        "cometido": "FUN",
        "sistema": 70,
        "f_alta": "2025-11-11T08:18:50.575Z",
        "f_cambio": "2025-11-11T08:18:50.575Z",
        "f_baja": null
    }
},
{
    "model": "sistemas.perfil",
    "pk": 96,
    "fields": {
        "usuario": "jjgarcar",
        "cometido": "FUN",
        "sistema": 70,
        "f_alta": "2025-11-11T08:19:06.306Z",
        "f_cambio": "2025-11-11T08:19:06.306Z",
        "f_baja": null
    }
},
{
    "model": "sistemas.perfil",
    "pk": 98,
    "fields": {
        "usuario": "mjgarsan",
        "cometido": "TEC",
        "sistema": 71,
        "f_alta": "2025-11-11T08:25:55.387Z",
        "f_cambio": "2025-11-11T08:25:55.387Z",
        "f_baja": null
    }
},
{
    "model": "sistemas.perfil",
    "pk": 99,
    "fields": {
        "usuario": "tlorare",
        "cometido": "TEC",
        "sistema": 71,
        "f_alta": "2025-11-11T08:26:21.540Z",
        "f_cambio": "2025-11-11T08:26:21.540Z",
        "f_baja": null
    }
},
{
    "model": "sistemas.perfil",
    "pk": 100,
    "fields": {
        "usuario": "arodall",
        "cometido": "FUN",
        "sistema": 71,
        "f_alta": "2025-11-11T08:27:41.126Z",
        "f_cambio": "2025-11-11T08:27:41.126Z",
        "f_baja": null
    }
},
{
    "model": "sistemas.perfil",
    "pk": 101,
    "fields": {
        "usuario": "asanmonx",
        "cometido": "FUN",
        "sistema": 71,
        "f_alta": "2025-11-11T08:27:57.080Z",
        "f_cambio": "2025-11-11T08:27:57.080Z",
        "f_baja": null
    }
},
{
    "model": "sistemas.perfil",
    "pk": 102,
    "fields": {
        "usuario": "jjgarcar",
        "cometido": "FUN",
        "sistema": 71,
        "f_alta": "2025-11-11T08:28:09.937Z",
        "f_cambio": "2025-11-11T08:28:09.937Z",
        "f_baja": null
    }
},
{
    "model": "sistemas.perfil",
    "pk": 103,
    "fields": {
        "usuario": "valmmar",
        "cometido": "FUN",
        "sistema": 71,
        "f_alta": "2025-11-11T08:29:20.188Z",
        "f_cambio": "2025-11-11T08:29:20.188Z",
        "f_baja": null
    }
},
{
    "model": "sistemas.perfil",
    "pk": 105,
    "fields": {
        "usuario": "avelram",
        "cometido": "TEC",
        "sistema": 72,
        "f_alta": "2025-11-11T08:34:10.199Z",
        "f_cambio": "2025-11-11T08:34:22.539Z",
        "f_baja": null
    }
},
{
    "model": "sistemas.perfil",
    "pk": 106,
    "fields": {
        "usuario": "avelram",
        "cometido": "FUN",
        "sistema": 72,
        "f_alta": "2025-11-11T08:34:32.551Z",
        "f_cambio": "2025-11-11T08:34:32.551Z",
        "f_baja": null
    }
},
{
    "model": "sistemas.perfil",
    "pk": 107,
    "fields": {
        "usuario": "mjgarsan",
        "cometido": "TEC",
        "sistema": 73,
        "f_alta": "2025-11-11T08:40:22.597Z",
        "f_cambio": "2025-11-11T09:21:38.385Z",
        "f_baja": null
    }
},
{
    "model": "sistemas.perfil",
    "pk": 108,
    "fields": {
        "usuario": "mdelluz",
        "cometido": "FUN",
        "sistema": 73,
        "f_alta": "2025-11-11T09:23:30.454Z",
        "f_cambio": "2025-11-11T09:23:30.454Z",
        "f_baja": null
    }
},
{
    "model": "sistemas.perfil",
    "pk": 109,
    "fields": {
        "usuario": "vrevbar",
        "cometido": "FUN",
        "sistema": 73,
        "f_alta": "2025-11-11T09:24:46.123Z",
        "f_cambio": "2025-11-11T09:24:46.123Z",
        "f_baja": null
    }
},
{
    "model": "sistemas.perfil",
    "pk": 110,
    "fields": {
        "usuario": "mjgarsan",
        "cometido": "TEC",
        "sistema": 74,
        "f_alta": "2025-11-11T09:27:11.135Z",
        "f_cambio": "2025-11-11T09:27:11.135Z",
        "f_baja": null
    }
},
{
    "model": "sistemas.perfil",
    "pk": 111,
    "fields": {
        "usuario": "mdelluz",
        "cometido": "TEC",
        "sistema": 74,
        "f_alta": "2025-11-11T09:27:25.274Z",
        "f_cambio": "2025-11-11T09:27:25.274Z",
        "f_baja": null
    }
},
{
    "model": "sistemas.perfil",
    "pk": 112,
    "fields": {
        "usuario": "smarabr",
        "cometido": "TEC",
        "sistema": 74,
        "f_alta": "2025-11-11T09:28:32.971Z",
        "f_cambio": "2025-11-11T09:28:32.971Z",
        "f_baja": null
    }
},
{
    "model": "sistemas.perfil",
    "pk": 113,
    "fields": {
        "usuario": "mdelluz",
        "cometido": "TEC",
        "sistema": 76,
        "f_alta": "2025-11-11T14:14:32.230Z",
        "f_cambio": "2025-11-11T14:14:32.230Z",
        "f_baja": null
    }
},
{
    "model": "sistemas.perfil",
    "pk": 114,
    "fields": {
        "usuario": "mcabperd",
        "cometido": "FUN",
        "sistema": 76,
        "f_alta": "2025-11-11T14:16:19.939Z",
        "f_cambio": "2025-11-11T14:16:19.939Z",
        "f_baja": null
    }
},
{
    "model": "sistemas.perfil",
    "pk": 115,
    "fields": {
        "usuario": "mcabperd",
        "cometido": "TEC",
        "sistema": 76,
        "f_alta": "2025-11-11T14:16:37.892Z",
        "f_cambio": "2025-11-11T14:16:37.892Z",
        "f_baja": null
    }
},
{
    "model": "sistemas.perfil",
    "pk": 116,
    "fields": {
        "usuario": "mdelluz",
        "cometido": "FUN",
        "sistema": 76,
        "f_alta": "2025-11-11T14:16:55.601Z",
        "f_cambio": "2025-11-11T14:16:55.601Z",
        "f_baja": null
    }
},
{
    "model": "sistemas.perfil",
    "pk": 117,
    "fields": {
        "usuario": "mtorher1",
        "cometido": "FUN",
        "sistema": 78,
        "f_alta": "2025-11-12T13:28:11.752Z",
        "f_cambio": "2025-11-12T13:28:11.753Z",
        "f_baja": null
    }
},
{
    "model": "sistemas.perfil",
    "pk": 118,
    "fields": {
        "usuario": "cherramq",
        "cometido": "FUN",
        "sistema": 79,
        "f_alta": "2025-11-24T10:36:40.363Z",
        "f_cambio": "2025-11-24T10:36:40.363Z",
        "f_baja": null
    }
},
{
    "model": "sistemas.perfil",
    "pk": 119,
    "fields": {
        "usuario": "cherramq",
        "cometido": "TEC",
        "sistema": 79,
        "f_alta": "2025-11-24T10:37:06.383Z",
        "f_cambio": "2025-11-24T10:37:06.383Z",
        "f_baja": null
    }
},
{
    "model": "sistemas.perfil",
    "pk": 120,
    "fields": {
        "usuario": "jmarcast",
        "cometido": "FUN",
        "sistema": 80,
        "f_alta": "2025-11-24T11:17:34.086Z",
        "f_cambio": "2025-11-24T11:17:34.086Z",
        "f_baja": null
    }
},
{
    "model": "sistemas.perfil",
    "pk": 121,
    "fields": {
        "usuario": "jmarcast",
        "cometido": "TEC",
        "sistema": 80,
        "f_alta": "2025-11-24T11:17:45.891Z",
        "f_cambio": "2025-11-24T11:17:45.892Z",
        "f_baja": null
    }
},
{
    "model": "sistemas.perfil",
    "pk": 122,
    "fields": {
        "usuario": "fespsos",
        "cometido": "TEC",
        "sistema": 81,
        "f_alta": "2025-11-24T12:55:14.597Z",
        "f_cambio": "2025-11-24T12:55:14.597Z",
        "f_baja": null
    }
},
{
    "model": "sistemas.perfil",
    "pk": 123,
    "fields": {
        "usuario": "jreyalmx",
        "cometido": "FUN",
        "sistema": 81,
        "f_alta": "2025-11-24T12:56:37.672Z",
        "f_cambio": "2025-11-24T12:56:37.673Z",
        "f_baja": null
    }
},
{
    "model": "sistemas.perfil",
    "pk": 124,
    "fields": {
        "usuario": "mnavfri",
        "cometido": "TEC",
        "sistema": 75,
        "f_alta": "2026-01-27T09:48:18.239Z",
        "f_cambio": "2026-01-27T09:48:18.240Z",
        "f_baja": null
    }
},
{
    "model": "sistemas.perfil",
    "pk": 125,
    "fields": {
        "usuario": "jaldrua",
        "cometido": "FUN",
        "sistema": 75,
        "f_alta": "2026-01-27T09:50:11.301Z",
        "f_cambio": "2026-01-27T09:50:11.301Z",
        "f_baja": null
    }
},
{
    "model": "sistemas.perfil",
    "pk": 126,
    "fields": {
        "usuario": "lbarqui",
        "cometido": "TEC",
        "sistema": 37,
        "f_alta": "2026-02-12T08:59:37.632Z",
        "f_cambio": "2026-02-12T08:59:37.632Z",
        "f_baja": null
    }
},
{
    "model": "sistemas.perfil",
    "pk": 127,
    "fields": {
        "usuario": "mfuedia",
        "cometido": "FUN",
        "sistema": 37,
        "f_alta": "2026-02-12T09:01:28.998Z",
        "f_cambio": "2026-02-12T09:01:28.998Z",
        "f_baja": null
    }
},
{
    "model": "sistemas.perfil",
    "pk": 128,
    "fields": {
        "usuario": "amorcom",
        "cometido": "FUN",
        "sistema": 82,
        "f_alta": "2026-02-12T12:14:41.173Z",
        "f_cambio": "2026-02-12T12:14:41.173Z",
        "f_baja": null
    }
},
{
    "model": "sistemas.perfil",
    "pk": 129,
    "fields": {
        "usuario": "jmacgod",
        "cometido": "TEC",
        "sistema": 82,
        "f_alta": "2026-02-12T12:16:08.560Z",
        "f_cambio": "2026-02-12T12:16:08.560Z",
        "f_baja": null
    }
},
{
    "model": "sistemas.perfil",
    "pk": 133,
    "fields": {
        "usuario": "mgarrodx",
        "cometido": "TEC",
        "sistema": 36,
        "f_alta": "2026-02-12T12:31:02.335Z",
        "f_cambio": "2026-02-12T12:31:02.335Z",
        "f_baja": null
    }
},
{
    "model": "sistemas.perfil",
    "pk": 134,
    "fields": {
        "usuario": "hgonort",
        "cometido": "TEC",
        "sistema": 83,
        "f_alta": "2026-02-26T10:28:53.691Z",
        "f_cambio": "2026-02-26T10:28:53.691Z",
        "f_baja": null
    }
},
{
    "model": "sistemas.perfil",
    "pk": 135,
    "fields": {
        "usuario": "rcrugon",
        "cometido": "FUN",
        "sistema": 83,
        "f_alta": "2026-02-26T10:34:52.028Z",
        "f_cambio": "2026-02-26T10:34:52.028Z",
        "f_baja": null
    }
},
{
    "model": "sistemas.perfil",
    "pk": 136,
    "fields": {
        "usuario": "hgargarg",
        "cometido": "TEC",
        "sistema": 21,
        "f_alta": "2026-02-26T10:39:15.404Z",
        "f_cambio": "2026-02-26T10:39:15.404Z",
        "f_baja": null
    }
},
{
    "model": "sistemas.perfil",
    "pk": 137,
    "fields": {
        "usuario": "yviccab",
        "cometido": "FUN",
        "sistema": 84,
        "f_alta": "2026-03-04T10:25:07.537Z",
        "f_cambio": "2026-03-04T10:25:07.537Z",
        "f_baja": null
    }
},
{
    "model": "sistemas.perfil",
    "pk": 138,
    "fields": {
        "usuario": "yviccab",
        "cometido": "FUN",
        "sistema": 85,
        "f_alta": "2026-03-04T12:08:30.919Z",
        "f_cambio": "2026-03-04T12:08:34.750Z",
        "f_baja": null
    }
},
{
    "model": "sistemas.perfil",
    "pk": 139,
    "fields": {
        "usuario": "jrodriguez_itc",
        "cometido": "TEC",
        "sistema": 84,
        "f_alta": "2026-03-04T12:49:14.900Z",
        "f_cambio": "2026-03-04T12:59:24.255Z",
        "f_baja": null
    }
},
{
    "model": "sistemas.perfil",
    "pk": 140,
    "fields": {
        "usuario": "jrodriguez_itc",
        "cometido": "TEC",
        "sistema": 85,
        "f_alta": "2026-03-04T13:06:34.329Z",
        "f_cambio": "2026-03-04T13:06:34.329Z",
        "f_baja": null
    }
},
{
    "model": "sistemas.perfil",
    "pk": 141,
    "fields": {
        "usuario": "yviccab",
        "cometido": "FUN",
        "sistema": 86,
        "f_alta": "2026-03-04T13:10:55.738Z",
        "f_cambio": "2026-03-04T13:10:55.738Z",
        "f_baja": null
    }
},
{
    "model": "sistemas.perfil",
    "pk": 142,
    "fields": {
        "usuario": "jrodriguez_itc",
        "cometido": "TEC",
        "sistema": 86,
        "f_alta": "2026-03-04T13:11:09.758Z",
        "f_cambio": "2026-03-04T13:11:09.758Z",
        "f_baja": null
    }
},
{
    "model": "sistemas.perfil",
    "pk": 143,
    "fields": {
        "usuario": "yviccab",
        "cometido": "FUN",
        "sistema": 87,
        "f_alta": "2026-03-04T13:13:07.693Z",
        "f_cambio": "2026-03-04T13:13:07.693Z",
        "f_baja": null
    }
},
{
    "model": "sistemas.perfil",
    "pk": 144,
    "fields": {
        "usuario": "jrodriguez_itc",
        "cometido": "TEC",
        "sistema": 87,
        "f_alta": "2026-03-04T13:13:31.303Z",
        "f_cambio": "2026-03-04T13:13:31.303Z",
        "f_baja": null
    }
},
{
    "model": "sistemas.perfil",
    "pk": 145,
    "fields": {
        "usuario": "yviccab",
        "cometido": "FUN",
        "sistema": 88,
        "f_alta": "2026-03-04T13:15:28.723Z",
        "f_cambio": "2026-03-04T13:15:28.723Z",
        "f_baja": null
    }
},
{
    "model": "sistemas.perfil",
    "pk": 146,
    "fields": {
        "usuario": "jrodriguez_itc",
        "cometido": "TEC",
        "sistema": 88,
        "f_alta": "2026-03-04T13:15:39.332Z",
        "f_cambio": "2026-03-04T13:15:39.332Z",
        "f_baja": null
    }
},
{
    "model": "sistemas.perfil",
    "pk": 147,
    "fields": {
        "usuario": "yviccab",
        "cometido": "FUN",
        "sistema": 89,
        "f_alta": "2026-03-04T13:17:32.142Z",
        "f_cambio": "2026-03-04T13:17:32.142Z",
        "f_baja": null
    }
},
{
    "model": "sistemas.perfil",
    "pk": 148,
    "fields": {
        "usuario": "jrodriguez_itc",
        "cometido": "TEC",
        "sistema": 89,
        "f_alta": "2026-03-04T13:17:43.419Z",
        "f_cambio": "2026-03-04T13:17:43.419Z",
        "f_baja": null
    }
},
{
    "model": "sistemas.perfil",
    "pk": 149,
    "fields": {
        "usuario": "yviccab",
        "cometido": "FUN",
        "sistema": 90,
        "f_alta": "2026-03-04T13:19:18.386Z",
        "f_cambio": "2026-03-04T13:19:18.386Z",
        "f_baja": null
    }
},
{
    "model": "sistemas.perfil",
    "pk": 150,
    "fields": {
        "usuario": "jrodriguez_itc",
        "cometido": "TEC",
        "sistema": 90,
        "f_alta": "2026-03-04T13:19:30.672Z",
        "f_cambio": "2026-03-04T13:19:30.672Z",
        "f_baja": null
    }
},
{
    "model": "sistemas.perfil",
    "pk": 151,
    "fields": {
        "usuario": "yviccab",
        "cometido": "FUN",
        "sistema": 91,
        "f_alta": "2026-03-04T13:21:06.188Z",
        "f_cambio": "2026-03-04T13:21:06.188Z",
        "f_baja": null
    }
},
{
    "model": "sistemas.perfil",
    "pk": 152,
    "fields": {
        "usuario": "jrodriguez_itc",
        "cometido": "TEC",
        "sistema": 91,
        "f_alta": "2026-03-04T13:21:15.544Z",
        "f_cambio": "2026-03-04T13:21:15.544Z",
        "f_baja": null
    }
},
{
    "model": "sistemas.perfil",
    "pk": 153,
    "fields": {
        "usuario": "yviccab",
        "cometido": "FUN",
        "sistema": 92,
        "f_alta": "2026-03-04T13:22:24.964Z",
        "f_cambio": "2026-03-04T13:22:24.964Z",
        "f_baja": null
    }
},
{
    "model": "sistemas.perfil",
    "pk": 154,
    "fields": {
        "usuario": "jrodriguez_itc",
        "cometido": "TEC",
        "sistema": 92,
        "f_alta": "2026-03-04T13:22:36.069Z",
        "f_cambio": "2026-03-04T13:22:36.069Z",
        "f_baja": null
    }
},
{
    "model": "sistemas.perfil",
    "pk": 155,
    "fields": {
        "usuario": "yviccab",
        "cometido": "FUN",
        "sistema": 93,
        "f_alta": "2026-03-04T13:24:04.481Z",
        "f_cambio": "2026-03-04T13:24:04.481Z",
        "f_baja": null
    }
},
{
    "model": "sistemas.perfil",
    "pk": 156,
    "fields": {
        "usuario": "jrodriguez_itc",
        "cometido": "TEC",
        "sistema": 93,
        "f_alta": "2026-03-04T13:24:16.904Z",
        "f_cambio": "2026-03-04T13:24:16.904Z",
        "f_baja": null
    }
},
{
    "model": "sistemas.perfil",
    "pk": 157,
    "fields": {
        "usuario": "yviccab",
        "cometido": "FUN",
        "sistema": 94,
        "f_alta": "2026-03-04T13:25:35.156Z",
        "f_cambio": "2026-03-04T13:25:35.156Z",
        "f_baja": null
    }
},
{
    "model": "sistemas.perfil",
    "pk": 158,
    "fields": {
        "usuario": "jrodriguez_itc",
        "cometido": "TEC",
        "sistema": 94,
        "f_alta": "2026-03-04T13:25:47.576Z",
        "f_cambio": "2026-03-04T13:25:47.576Z",
        "f_baja": null
    }
},
{
    "model": "sistemas.perfil",
    "pk": 159,
    "fields": {
        "usuario": "yviccab",
        "cometido": "FUN",
        "sistema": 95,
        "f_alta": "2026-03-04T13:27:28.328Z",
        "f_cambio": "2026-03-04T13:27:28.328Z",
        "f_baja": null
    }
},
{
    "model": "sistemas.perfil",
    "pk": 160,
    "fields": {
        "usuario": "jrodriguez_itc",
        "cometido": "TEC",
        "sistema": 95,
        "f_alta": "2026-03-04T13:27:41.416Z",
        "f_cambio": "2026-03-04T13:27:41.416Z",
        "f_baja": null
    }
},
{
    "model": "sistemas.perfil",
    "pk": 162,
    "fields": {
        "usuario": "agilarm",
        "cometido": "TEC",
        "sistema": 96,
        "f_alta": "2026-04-13T10:23:51.533Z",
        "f_cambio": "2026-04-13T10:23:51.533Z",
        "f_baja": null
    }
},
{
    "model": "sistemas.perfil",
    "pk": 163,
    "fields": {
        "usuario": "rregrod",
        "cometido": "FUN",
        "sistema": 96,
        "f_alta": "2026-04-13T10:36:49.937Z",
        "f_cambio": "2026-04-13T10:36:49.937Z",
        "f_baja": null
    }
},
{
    "model": "sistemas.perfil",
    "pk": 166,
    "fields": {
        "usuario": "rgalrod",
        "cometido": "TEC",
        "sistema": 19,
        "f_alta": "2026-04-22T19:55:18.972Z",
        "f_cambio": "2026-04-22T19:55:18.972Z",
        "f_baja": null
    }
},
{
    "model": "sistemas.perfil",
    "pk": 167,
    "fields": {
        "usuario": "evbetveg",
        "cometido": "FUN",
        "sistema": 19,
        "f_alta": "2026-04-22T19:57:35.834Z",
        "f_cambio": "2026-04-22T19:57:35.834Z",
        "f_baja": null
    }
},
{
    "model": "sistemas.perfil",
    "pk": 168,
    "fields": {
        "usuario": "mcabpen",
        "cometido": "FUN",
        "sistema": 4,
        "f_alta": "2026-04-22T20:04:22.881Z",
        "f_cambio": "2026-04-22T20:04:22.881Z",
        "f_baja": null
    }
},
{
    "model": "sistemas.perfil",
    "pk": 169,
    "fields": {
        "usuario": "mcabpen",
        "cometido": "TEC",
        "sistema": 4,
        "f_alta": "2026-04-22T20:04:34.417Z",
        "f_cambio": "2026-04-22T20:04:34.417Z",
        "f_baja": null
    }
},
{
    "model": "sistemas.perfil",
    "pk": 170,
    "fields": {
        "usuario": "jsersanp",
        "cometido": "TEC",
        "sistema": 3,
        "f_alta": "2026-04-22T20:24:30.549Z",
        "f_cambio": "2026-04-22T20:24:30.549Z",
        "f_baja": null
    }
},
{
    "model": "sistemas.perfil",
    "pk": 171,
    "fields": {
        "usuario": "mrisdia",
        "cometido": "FUN",
        "sistema": 3,
        "f_alta": "2026-04-22T20:27:09.160Z",
        "f_cambio": "2026-04-22T20:27:09.160Z",
        "f_baja": null
    }
},
{
    "model": "sistemas.perfil",
    "pk": 172,
    "fields": {
        "usuario": "jrodleo",
        "cometido": "FUN",
        "sistema": 21,
        "f_alta": "2026-04-24T20:26:33.069Z",
        "f_cambio": "2026-04-24T20:31:36.421Z",
        "f_baja": null
    }
},
{
    "model": "sistemas.perfil",
    "pk": 175,
    "fields": {
        "usuario": "alopperj",
        "cometido": "FUN",
        "sistema": 36,
        "f_alta": "2026-04-26T17:25:56.439Z",
        "f_cambio": "2026-04-26T17:25:56.439Z",
        "f_baja": null
    }
},
{
    "model": "sistemas.perfil",
    "pk": 177,
    "fields": {
        "usuario": "iboscan",
        "cometido": "FUN",
        "sistema": 41,
        "f_alta": "2026-04-26T17:48:42.588Z",
        "f_cambio": "2026-04-26T17:48:42.588Z",
        "f_baja": null
    }
},
{
    "model": "sistemas.perfil",
    "pk": 179,
    "fields": {
        "usuario": "fsanriv",
        "cometido": "FUN",
        "sistema": 97,
        "f_alta": "2026-04-26T18:08:22.306Z",
        "f_cambio": "2026-04-26T18:08:22.306Z",
        "f_baja": null
    }
},
{
    "model": "sistemas.perfil",
    "pk": 180,
    "fields": {
        "usuario": "rpesper",
        "cometido": "TEC",
        "sistema": 97,
        "f_alta": "2026-04-26T18:08:22.315Z",
        "f_cambio": "2026-04-26T18:08:22.315Z",
        "f_baja": null
    }
},
{
    "model": "sistemas.perfil",
    "pk": 181,
    "fields": {
        "usuario": "agonherp",
        "cometido": "FUN",
        "sistema": 99,
        "f_alta": "2026-04-26T18:13:29.493Z",
        "f_cambio": "2026-04-26T18:13:29.493Z",
        "f_baja": null
    }
},
{
    "model": "sistemas.perfil",
    "pk": 182,
    "fields": {
        "usuario": "rpesper",
        "cometido": "TEC",
        "sistema": 99,
        "f_alta": "2026-04-26T18:13:29.502Z",
        "f_cambio": "2026-04-26T18:13:29.502Z",
        "f_baja": null
    }
},
{
    "model": "sistemas.perfil",
    "pk": 183,
    "fields": {
        "usuario": "jhercrum",
        "cometido": "FUN",
        "sistema": 102,
        "f_alta": "2026-04-26T18:24:04.527Z",
        "f_cambio": "2026-04-26T18:24:04.527Z",
        "f_baja": null
    }
},
{
    "model": "sistemas.perfil",
    "pk": 184,
    "fields": {
        "usuario": "lbarqui",
        "cometido": "TEC",
        "sistema": 102,
        "f_alta": "2026-04-26T18:24:04.578Z",
        "f_cambio": "2026-04-26T18:24:04.578Z",
        "f_baja": null
    }
},
{
    "model": "sistemas.perfil",
    "pk": 187,
    "fields": {
        "usuario": "mgarrodx",
        "cometido": "TEC",
        "sistema": 103,
        "f_alta": "2026-04-26T18:30:58.286Z",
        "f_cambio": "2026-04-26T18:30:58.286Z",
        "f_baja": null
    }
},
{
    "model": "sistemas.perfil",
    "pk": 188,
    "fields": {
        "usuario": "agonherp",
        "cometido": "FUN",
        "sistema": 104,
        "f_alta": "2026-04-26T18:31:03.508Z",
        "f_cambio": "2026-04-26T18:31:03.508Z",
        "f_baja": null
    }
},
{
    "model": "sistemas.perfil",
    "pk": 189,
    "fields": {
        "usuario": "rpesper",
        "cometido": "TEC",
        "sistema": 104,
        "f_alta": "2026-04-26T18:31:03.522Z",
        "f_cambio": "2026-04-26T18:31:03.522Z",
        "f_baja": null
    }
},
{
    "model": "sistemas.perfil",
    "pk": 190,
    "fields": {
        "usuario": "abarcab",
        "cometido": "FUN",
        "sistema": 103,
        "f_alta": "2026-04-26T18:37:13.734Z",
        "f_cambio": "2026-04-26T18:37:13.734Z",
        "f_baja": null
    }
},
{
    "model": "sistemas.perfil",
    "pk": 191,
    "fields": {
        "usuario": "alopperj",
        "cometido": "FUN",
        "sistema": 101,
        "f_alta": "2026-04-26T18:37:23.577Z",
        "f_cambio": "2026-04-26T18:37:23.577Z",
        "f_baja": null
    }
},
{
    "model": "sistemas.perfil",
    "pk": 192,
    "fields": {
        "usuario": "mgarrodx",
        "cometido": "TEC",
        "sistema": 101,
        "f_alta": "2026-04-26T18:37:23.585Z",
        "f_cambio": "2026-04-26T18:37:23.585Z",
        "f_baja": null
    }
},
{
    "model": "sistemas.perfil",
    "pk": 194,
    "fields": {
        "usuario": "mrodlav",
        "cometido": "TEC",
        "sistema": 106,
        "f_alta": "2026-04-26T18:41:50.617Z",
        "f_cambio": "2026-04-26T18:41:50.618Z",
        "f_baja": null
    }
},
{
    "model": "sistemas.perfil",
    "pk": 195,
    "fields": {
        "usuario": "jreyoje",
        "cometido": "FUN",
        "sistema": 106,
        "f_alta": "2026-04-26T18:47:48.653Z",
        "f_cambio": "2026-04-26T18:47:48.653Z",
        "f_baja": null
    }
},
{
    "model": "sistemas.perfil",
    "pk": 196,
    "fields": {
        "usuario": "ppelpue",
        "cometido": "FUN",
        "sistema": 107,
        "f_alta": "2026-04-26T18:48:07.880Z",
        "f_cambio": "2026-04-26T18:48:07.880Z",
        "f_baja": null
    }
},
{
    "model": "sistemas.perfil",
    "pk": 197,
    "fields": {
        "usuario": "mgarrodx",
        "cometido": "TEC",
        "sistema": 107,
        "f_alta": "2026-04-26T18:48:07.887Z",
        "f_cambio": "2026-04-26T18:48:07.887Z",
        "f_baja": null
    }
},
{
    "model": "sistemas.perfil",
    "pk": 198,
    "fields": {
        "usuario": "mlomaras",
        "cometido": "FUN",
        "sistema": 108,
        "f_alta": "2026-04-26T19:09:25.765Z",
        "f_cambio": "2026-04-26T19:09:25.765Z",
        "f_baja": null
    }
},
{
    "model": "sistemas.perfil",
    "pk": 199,
    "fields": {
        "usuario": "lbarqui",
        "cometido": "TEC",
        "sistema": 108,
        "f_alta": "2026-04-26T19:09:25.808Z",
        "f_cambio": "2026-04-26T19:09:25.808Z",
        "f_baja": null
    }
},
{
    "model": "sistemas.perfil",
    "pk": 200,
    "fields": {
        "usuario": "jreyoje",
        "cometido": "FUN",
        "sistema": 109,
        "f_alta": "2026-04-26T19:09:28.970Z",
        "f_cambio": "2026-04-26T19:09:28.970Z",
        "f_baja": null
    }
},
{
    "model": "sistemas.perfil",
    "pk": 201,
    "fields": {
        "usuario": "mrodlav",
        "cometido": "TEC",
        "sistema": 109,
        "f_alta": "2026-04-26T19:09:28.979Z",
        "f_cambio": "2026-04-26T19:09:28.979Z",
        "f_baja": null
    }
},
{
    "model": "sistemas.perfil",
    "pk": 202,
    "fields": {
        "usuario": "marrlop",
        "cometido": "FUN",
        "sistema": 110,
        "f_alta": "2026-04-26T19:09:32.337Z",
        "f_cambio": "2026-04-26T19:09:32.337Z",
        "f_baja": null
    }
},
{
    "model": "sistemas.perfil",
    "pk": 203,
    "fields": {
        "usuario": "mgarrodx",
        "cometido": "TEC",
        "sistema": 110,
        "f_alta": "2026-04-26T19:09:32.344Z",
        "f_cambio": "2026-04-26T19:09:32.344Z",
        "f_baja": null
    }
},
{
    "model": "sistemas.perfil",
    "pk": 204,
    "fields": {
        "usuario": "rgongon",
        "cometido": "FUN",
        "sistema": 111,
        "f_alta": "2026-04-26T19:09:36.296Z",
        "f_cambio": "2026-04-26T19:09:36.296Z",
        "f_baja": null
    }
},
{
    "model": "sistemas.perfil",
    "pk": 205,
    "fields": {
        "usuario": "mgarrodx",
        "cometido": "TEC",
        "sistema": 111,
        "f_alta": "2026-04-26T19:09:36.307Z",
        "f_cambio": "2026-04-26T19:09:36.307Z",
        "f_baja": null
    }
},
{
    "model": "sistemas.perfil",
    "pk": 206,
    "fields": {
        "usuario": "abarcab",
        "cometido": "FUN",
        "sistema": 112,
        "f_alta": "2026-04-26T19:09:39.970Z",
        "f_cambio": "2026-04-26T19:09:39.970Z",
        "f_baja": null
    }
},
{
    "model": "sistemas.perfil",
    "pk": 207,
    "fields": {
        "usuario": "mgarrodx",
        "cometido": "TEC",
        "sistema": 112,
        "f_alta": "2026-04-26T19:09:39.977Z",
        "f_cambio": "2026-04-26T19:09:39.977Z",
        "f_baja": null
    }
},
{
    "model": "sistemas.perfil",
    "pk": 208,
    "fields": {
        "usuario": "mfuedia",
        "cometido": "FUN",
        "sistema": 113,
        "f_alta": "2026-04-26T19:09:43.013Z",
        "f_cambio": "2026-04-26T19:09:43.013Z",
        "f_baja": null
    }
},
{
    "model": "sistemas.perfil",
    "pk": 209,
    "fields": {
        "usuario": "rpesper",
        "cometido": "TEC",
        "sistema": 113,
        "f_alta": "2026-04-26T19:09:43.029Z",
        "f_cambio": "2026-04-26T19:09:43.029Z",
        "f_baja": null
    }
},
{
    "model": "sistemas.perfil",
    "pk": 210,
    "fields": {
        "usuario": "ivgardia",
        "cometido": "FUN",
        "sistema": 114,
        "f_alta": "2026-04-26T19:09:48.209Z",
        "f_cambio": "2026-04-26T19:09:48.209Z",
        "f_baja": null
    }
},
{
    "model": "sistemas.perfil",
    "pk": 211,
    "fields": {
        "usuario": "mgarrodx",
        "cometido": "TEC",
        "sistema": 114,
        "f_alta": "2026-04-26T19:09:48.218Z",
        "f_cambio": "2026-04-26T19:09:48.218Z",
        "f_baja": null
    }
},
{
    "model": "sistemas.perfil",
    "pk": 212,
    "fields": {
        "usuario": "mgonmarg",
        "cometido": "FUN",
        "sistema": 115,
        "f_alta": "2026-04-26T19:09:51.679Z",
        "f_cambio": "2026-04-26T19:09:51.679Z",
        "f_baja": null
    }
},
{
    "model": "sistemas.perfil",
    "pk": 213,
    "fields": {
        "usuario": "mgarrodx",
        "cometido": "TEC",
        "sistema": 115,
        "f_alta": "2026-04-26T19:09:51.686Z",
        "f_cambio": "2026-04-26T19:09:51.686Z",
        "f_baja": null
    }
},
{
    "model": "sistemas.perfil",
    "pk": 214,
    "fields": {
        "usuario": "agonherp",
        "cometido": "FUN",
        "sistema": 116,
        "f_alta": "2026-04-26T19:09:54.630Z",
        "f_cambio": "2026-04-26T19:09:54.630Z",
        "f_baja": null
    }
},
{
    "model": "sistemas.perfil",
    "pk": 215,
    "fields": {
        "usuario": "mgarrodx",
        "cometido": "TEC",
        "sistema": 116,
        "f_alta": "2026-04-26T19:09:54.637Z",
        "f_cambio": "2026-04-26T19:09:54.637Z",
        "f_baja": null
    }
},
{
    "model": "sistemas.perfil",
    "pk": 216,
    "fields": {
        "usuario": "alopperj",
        "cometido": "FUN",
        "sistema": 117,
        "f_alta": "2026-04-26T19:09:58.560Z",
        "f_cambio": "2026-04-26T19:09:58.560Z",
        "f_baja": null
    }
},
{
    "model": "sistemas.perfil",
    "pk": 217,
    "fields": {
        "usuario": "lbarqui",
        "cometido": "TEC",
        "sistema": 117,
        "f_alta": "2026-04-26T19:09:58.577Z",
        "f_cambio": "2026-04-26T19:09:58.577Z",
        "f_baja": null
    }
},
{
    "model": "sistemas.perfil",
    "pk": 218,
    "fields": {
        "usuario": "jevobro",
        "cometido": "FUN",
        "sistema": 118,
        "f_alta": "2026-04-26T19:10:01.929Z",
        "f_cambio": "2026-04-26T19:10:01.930Z",
        "f_baja": null
    }
},
{
    "model": "sistemas.perfil",
    "pk": 219,
    "fields": {
        "usuario": "rpesper",
        "cometido": "TEC",
        "sistema": 118,
        "f_alta": "2026-04-26T19:10:01.940Z",
        "f_cambio": "2026-04-26T19:10:01.940Z",
        "f_baja": null
    }
},
{
    "model": "sistemas.perfil",
    "pk": 220,
    "fields": {
        "usuario": "mlomaras",
        "cometido": "FUN",
        "sistema": 119,
        "f_alta": "2026-04-26T19:10:04.279Z",
        "f_cambio": "2026-04-26T19:10:04.279Z",
        "f_baja": null
    }
},
{
    "model": "sistemas.perfil",
    "pk": 221,
    "fields": {
        "usuario": "mgarrodx",
        "cometido": "TEC",
        "sistema": 119,
        "f_alta": "2026-04-26T19:10:04.290Z",
        "f_cambio": "2026-04-26T19:10:04.290Z",
        "f_baja": null
    }
},
{
    "model": "sistemas.perfil",
    "pk": 222,
    "fields": {
        "usuario": "dafomar",
        "cometido": "FUN",
        "sistema": 120,
        "f_alta": "2026-04-26T19:10:06.907Z",
        "f_cambio": "2026-04-26T19:10:06.907Z",
        "f_baja": null
    }
},
{
    "model": "sistemas.perfil",
    "pk": 223,
    "fields": {
        "usuario": "lbarqui",
        "cometido": "TEC",
        "sistema": 120,
        "f_alta": "2026-04-26T19:10:06.917Z",
        "f_cambio": "2026-04-26T19:10:06.917Z",
        "f_baja": null
    }
},
{
    "model": "sistemas.perfil",
    "pk": 224,
    "fields": {
        "usuario": "rgongonj",
        "cometido": "FUN",
        "sistema": 121,
        "f_alta": "2026-04-26T19:10:23.955Z",
        "f_cambio": "2026-04-26T19:10:23.955Z",
        "f_baja": null
    }
},
{
    "model": "sistemas.perfil",
    "pk": 225,
    "fields": {
        "usuario": "lbarqui",
        "cometido": "TEC",
        "sistema": 121,
        "f_alta": "2026-04-26T19:10:23.962Z",
        "f_cambio": "2026-04-26T19:10:23.962Z",
        "f_baja": null
    }
},
{
    "model": "sistemas.perfil",
    "pk": 226,
    "fields": {
        "usuario": "agonherp",
        "cometido": "FUN",
        "sistema": 122,
        "f_alta": "2026-04-26T19:10:27.347Z",
        "f_cambio": "2026-04-26T19:10:27.347Z",
        "f_baja": null
    }
},
{
    "model": "sistemas.perfil",
    "pk": 227,
    "fields": {
        "usuario": "mgarrodx",
        "cometido": "TEC",
        "sistema": 122,
        "f_alta": "2026-04-26T19:10:27.360Z",
        "f_cambio": "2026-04-26T19:10:27.360Z",
        "f_baja": null
    }
},
{
    "model": "sistemas.perfil",
    "pk": 228,
    "fields": {
        "usuario": "jhercrum",
        "cometido": "FUN",
        "sistema": 123,
        "f_alta": "2026-04-26T19:21:14.277Z",
        "f_cambio": "2026-04-26T19:21:14.277Z",
        "f_baja": null
    }
},
{
    "model": "sistemas.perfil",
    "pk": 229,
    "fields": {
        "usuario": "mgarrodx",
        "cometido": "TEC",
        "sistema": 123,
        "f_alta": "2026-04-26T19:21:14.314Z",
        "f_cambio": "2026-04-26T19:21:14.314Z",
        "f_baja": null
    }
},
{
    "model": "sistemas.perfil",
    "pk": 230,
    "fields": {
        "usuario": "alopperj",
        "cometido": "FUN",
        "sistema": 124,
        "f_alta": "2026-04-26T19:21:17.409Z",
        "f_cambio": "2026-04-26T19:21:17.409Z",
        "f_baja": null
    }
},
{
    "model": "sistemas.perfil",
    "pk": 231,
    "fields": {
        "usuario": "jgonramp",
        "cometido": "TEC",
        "sistema": 124,
        "f_alta": "2026-04-26T19:21:17.421Z",
        "f_cambio": "2026-04-26T19:21:17.421Z",
        "f_baja": null
    }
},
{
    "model": "sistemas.perfil",
    "pk": 232,
    "fields": {
        "usuario": "esgonnun",
        "cometido": "FUN",
        "sistema": 125,
        "f_alta": "2026-04-26T19:21:19.799Z",
        "f_cambio": "2026-04-26T19:21:19.799Z",
        "f_baja": null
    }
},
{
    "model": "sistemas.perfil",
    "pk": 233,
    "fields": {
        "usuario": "mgarrodx",
        "cometido": "TEC",
        "sistema": 125,
        "f_alta": "2026-04-26T19:21:19.808Z",
        "f_cambio": "2026-04-26T19:21:19.808Z",
        "f_baja": null
    }
},
{
    "model": "sistemas.perfil",
    "pk": 234,
    "fields": {
        "usuario": "srobrod",
        "cometido": "FUN",
        "sistema": 128,
        "f_alta": "2026-04-26T19:23:33.456Z",
        "f_cambio": "2026-04-26T19:23:33.456Z",
        "f_baja": null
    }
},
{
    "model": "sistemas.perfil",
    "pk": 235,
    "fields": {
        "usuario": "rtejchi",
        "cometido": "TEC",
        "sistema": 128,
        "f_alta": "2026-04-26T19:23:33.467Z",
        "f_cambio": "2026-04-26T19:23:33.467Z",
        "f_baja": null
    }
},
{
    "model": "sistemas.perfil",
    "pk": 236,
    "fields": {
        "usuario": "ragubau",
        "cometido": "FUN",
        "sistema": 45,
        "f_alta": "2026-04-26T19:30:37.649Z",
        "f_cambio": "2026-04-26T19:30:37.649Z",
        "f_baja": null
    }
},
{
    "model": "sistemas.perfil",
    "pk": 237,
    "fields": {
        "usuario": "rtejchi",
        "cometido": "TEC",
        "sistema": 45,
        "f_alta": "2026-04-26T19:30:37.657Z",
        "f_cambio": "2026-04-26T19:30:37.657Z",
        "f_baja": null
    }
},
{
    "model": "sistemas.juriscansistema",
    "pk": 1,
    "fields": {
        "sistema": 37,
        "juriscan": 22137
    }
},
{
    "model": "sistemas.juriscansistema",
    "pk": 3,
    "fields": {
        "sistema": 82,
        "juriscan": 77865
    }
},
{
    "model": "sistemas.juriscansistema",
    "pk": 4,
    "fields": {
        "sistema": 36,
        "juriscan": 8597
    }
},
{
    "model": "sistemas.ente",
    "pk": "ACCUEE",
    "fields": {
        "organismo": 38691,
        "peso": 550,
        "url_open_data": null
    }
},
{
    "model": "sistemas.ente",
    "pk": "ACIISI",
    "fields": {
        "organismo": 42158,
        "peso": 850,
        "url_open_data": null
    }
},
{
    "model": "sistemas.ente",
    "pk": "ACPMN",
    "fields": {
        "organismo": 41854,
        "peso": 650,
        "url_open_data": null
    }
},
{
    "model": "sistemas.ente",
    "pk": "AGPSA",
    "fields": {
        "organismo": 42084,
        "peso": 1200,
        "url_open_data": "https://datos.canarias.es/catalogos/general/organization/consejeria-de-agricultura"
    }
},
{
    "model": "sistemas.ente",
    "pk": "ATC",
    "fields": {
        "organismo": 37815,
        "peso": 350,
        "url_open_data": null
    }
},
{
    "model": "sistemas.ente",
    "pk": "BSIJIF",
    "fields": {
        "organismo": 42165,
        "peso": 1000,
        "url_open_data": "https://datos.canarias.es/catalogos/general/organization/consejeria-de-bienestar-social"
    }
},
{
    "model": "sistemas.ente",
    "pk": "EFPAFD",
    "fields": {
        "organismo": 42123,
        "peso": 500,
        "url_open_data": "https://datos.canarias.es/catalogos/general/organization/consejeria-de-educacion"
    }
},
{
    "model": "sistemas.ente",
    "pk": "EICA",
    "fields": {
        "organismo": 42104,
        "peso": 100,
        "url_open_data": "https://datos.canarias.es/catalogos/general/organization/consejeria-de-economia"
    }
},
{
    "model": "sistemas.ente",
    "pk": "ESSSCAN",
    "fields": {
        "organismo": 6564,
        "peso": 1150,
        "url_open_data": null
    }
},
{
    "model": "sistemas.ente",
    "pk": "HRUE",
    "fields": {
        "organismo": 42086,
        "peso": 300,
        "url_open_data": "https://datos.canarias.es/catalogos/general/organization/consejeria-de-hacienda"
    }
},
{
    "model": "sistemas.ente",
    "pk": "ICAVI",
    "fields": {
        "organismo": 37152,
        "peso": 250,
        "url_open_data": null
    }
},
{
    "model": "sistemas.ente",
    "pk": "ICI",
    "fields": {
        "organismo": 25999,
        "peso": 1050,
        "url_open_data": null
    }
},
{
    "model": "sistemas.ente",
    "pk": "ICIA",
    "fields": {
        "organismo": 32766,
        "peso": 1250,
        "url_open_data": null
    }
},
{
    "model": "sistemas.ente",
    "pk": "ISTAC",
    "fields": {
        "organismo": 37829,
        "peso": 350,
        "url_open_data": "https://datos.canarias.es/catalogos/general/organization/istac"
    }
},
{
    "model": "sistemas.ente",
    "pk": "OPVM",
    "fields": {
        "organismo": 42114,
        "peso": 200,
        "url_open_data": "https://datos.canarias.es/catalogos/general/organization/consejeria-de-obras-publicas"
    }
},
{
    "model": "sistemas.ente",
    "pk": "PAPJS",
    "fields": {
        "organismo": 42118,
        "peso": 400,
        "url_open_data": "https://datos.canarias.es/catalogos/general/organization/consejeria-de-administraciones-publicas"
    }
},
{
    "model": "sistemas.ente",
    "pk": "PREGOB",
    "fields": {
        "organismo": 42091,
        "peso": 0,
        "url_open_data": "https://datos.canarias.es/catalogos/general/organization/presidencia-del-gobierno"
    }
},
{
    "model": "sistemas.ente",
    "pk": "PTCTA",
    "fields": {
        "organismo": 42136,
        "peso": 600,
        "url_open_data": "https://datos.canarias.es/catalogos/general/organization/consejeria-politica-territorial"
    }
},
{
    "model": "sistemas.ente",
    "pk": "SAN",
    "fields": {
        "organismo": 6547,
        "peso": 1100,
        "url_open_data": "https://datos.canarias.es/catalogos/general/organization/consejeria-de-sanidad"
    }
},
{
    "model": "sistemas.ente",
    "pk": "SCE",
    "fields": {
        "organismo": 42149,
        "peso": 750,
        "url_open_data": "https://datos.canarias.es/catalogos/general/organization/servicio-canario-de-empleo"
    }
},
{
    "model": "sistemas.ente",
    "pk": "SCS",
    "fields": {
        "organismo": 6594,
        "peso": 1150,
        "url_open_data": null
    }
},
{
    "model": "sistemas.ente",
    "pk": "TEE",
    "fields": {
        "organismo": 42159,
        "peso": 900,
        "url_open_data": "https://datos.canarias.es/catalogos/general/dataset/?organization=consejeria-de-transicion-ecologica-y-energia"
    }
},
{
    "model": "sistemas.ente",
    "pk": "TUREMP",
    "fields": {
        "organismo": 42143,
        "peso": 700,
        "url_open_data": "https://datos.canarias.es/catalogos/general/organization/consejeria-de-turismo"
    }
},
{
    "model": "sistemas.ente",
    "pk": "UCIC",
    "fields": {
        "organismo": 42150,
        "peso": 800,
        "url_open_data": "https://datos.canarias.es/catalogos/general/organization/consejeria-universidades-ciencia-innovacion-cultura"
    }
},
{
    "model": "sistemas.eje",
    "pk": "C",
    "fields": {
        "nombre_eje": "Calidad",
        "influencia": "0.200",
        "orden": 5,
        "color": "silver"
    }
},
{
    "model": "sistemas.eje",
    "pk": "D",
    "fields": {
        "nombre_eje": "Protección de Datos",
        "influencia": "0.150",
        "orden": 4,
        "color": "silver"
    }
},
{
    "model": "sistemas.eje",
    "pk": "I",
    "fields": {
        "nombre_eje": "Interoperabilidad",
        "influencia": "0.150",
        "orden": 1,
        "color": "silver"
    }
},
{
    "model": "sistemas.eje",
    "pk": "P",
    "fields": {
        "nombre_eje": "Personas",
        "influencia": "0.200",
        "orden": 6,
        "color": "silver"
    }
},
{
    "model": "sistemas.eje",
    "pk": "R",
    "fields": {
        "nombre_eje": "Reutilización",
        "influencia": "0.150",
        "orden": 2,
        "color": "silver"
    }
},
{
    "model": "sistemas.eje",
    "pk": "S",
    "fields": {
        "nombre_eje": "Seguridad",
        "influencia": "0.150",
        "orden": 3,
        "color": "silver"
    }
},
{
    "model": "sistemas.pregunta",
    "pk": 1,
    "fields": {
        "texto_pregunta": "Respecto a los datos de la persona interesada necesarios para la gestión administrativa, ¿en qué medida se consultan las fuentes disponibles en la plataforma de intermediación de datos (PID)?",
        "eje": "I",
        "orden": 1
    }
},
{
    "model": "sistemas.pregunta",
    "pk": 2,
    "fields": {
        "texto_pregunta": "Para los datos que se gestionan en el sistema, ¿a qué nivel está disponible su consulta por otros servicios de gobierno u otras administraciones?",
        "eje": "I",
        "orden": 2
    }
},
{
    "model": "sistemas.pregunta",
    "pk": 3,
    "fields": {
        "texto_pregunta": "En cuanto al modelo de datos del sistema, ¿en qué grado se utilizan clasificaciones normalizadas para los valores de los campos?",
        "eje": "I",
        "orden": 3
    }
},
{
    "model": "sistemas.pregunta",
    "pk": 4,
    "fields": {
        "texto_pregunta": "¿En qué medida se gestionan y mantienen actualizados los metadatos sobre sus datos?",
        "eje": "I",
        "orden": 4
    }
},
{
    "model": "sistemas.pregunta",
    "pk": 5,
    "fields": {
        "texto_pregunta": "¿El sistema de información contiene datos personales?",
        "eje": "D",
        "orden": 1
    }
},
{
    "model": "sistemas.pregunta",
    "pk": 6,
    "fields": {
        "texto_pregunta": "¿Se ha realizado un análisis de riesgo del tratamiento de datos personales?",
        "eje": "D",
        "orden": 2
    }
},
{
    "model": "sistemas.pregunta",
    "pk": 7,
    "fields": {
        "texto_pregunta": "¿Se ha realizado la Evaluación de Impacto para la Protección de Datos (EIPD) para los datos que requieran de un nivel de protección alto?",
        "eje": "D",
        "orden": 3
    }
},
{
    "model": "sistemas.pregunta",
    "pk": 8,
    "fields": {
        "texto_pregunta": "¿Se ha identificado y documentado la base legal para el tratamiento de los datos (consentimiento, obligación legal, interés público, etc.)?",
        "eje": "D",
        "orden": 4
    }
},
{
    "model": "sistemas.pregunta",
    "pk": 9,
    "fields": {
        "texto_pregunta": "¿Tiene publicados los registros de actividades de tratamiento (RAT) de su sistema de información?",
        "eje": "D",
        "orden": 5
    }
},
{
    "model": "sistemas.pregunta",
    "pk": 10,
    "fields": {
        "texto_pregunta": "¿El sistema de información cuenta con mecanismos de control de acceso que restrinjan el uso según perfiles de usuario?",
        "eje": "S",
        "orden": 1
    }
},
{
    "model": "sistemas.pregunta",
    "pk": 11,
    "fields": {
        "texto_pregunta": "¿Se realizan auditorías técnicas periódicas sobre la seguridad de los sistemas de información?",
        "eje": "S",
        "orden": 2
    }
},
{
    "model": "sistemas.pregunta",
    "pk": 12,
    "fields": {
        "texto_pregunta": "Si el sistema tiene datos sensibles, ¿se aplican controles de seguridad para protegerlos?",
        "eje": "S",
        "orden": 3
    }
},
{
    "model": "sistemas.pregunta",
    "pk": 13,
    "fields": {
        "texto_pregunta": "¿Se cuenta con estrategias de respaldo y recuperación de datos en caso de fallos o ataques?",
        "eje": "S",
        "orden": 4
    }
},
{
    "model": "sistemas.pregunta",
    "pk": 14,
    "fields": {
        "texto_pregunta": "¿Se dispone de procedimientos para la gestión de brechas de seguridad?",
        "eje": "S",
        "orden": 5
    }
},
{
    "model": "sistemas.pregunta",
    "pk": 15,
    "fields": {
        "texto_pregunta": "¿Se publican datos en el catálogo de datos abiertos datos.canarias.es?",
        "eje": "R",
        "orden": 1
    }
},
{
    "model": "sistemas.pregunta",
    "pk": 16,
    "fields": {
        "texto_pregunta": "¿Puede su sistema mantener actualizados los datos de forma automatizada?",
        "eje": "R",
        "orden": 2
    }
},
{
    "model": "sistemas.pregunta",
    "pk": 17,
    "fields": {
        "texto_pregunta": "¿El sistema dispone o tiene la capacidad de implementar interfaces de programación de aplicaciones (API)?",
        "eje": "R",
        "orden": 3
    }
},
{
    "model": "sistemas.pregunta",
    "pk": 18,
    "fields": {
        "texto_pregunta": "¿En qué medida se pueden obtener los datos en formatos reutilizables?",
        "eje": "R",
        "orden": 4
    }
},
{
    "model": "sistemas.pregunta",
    "pk": 19,
    "fields": {
        "texto_pregunta": "¿El sistema realiza validaciones automáticas al introducir datos?",
        "eje": "C",
        "orden": 1
    }
},
{
    "model": "sistemas.pregunta",
    "pk": 20,
    "fields": {
        "texto_pregunta": "¿Existen mecanismos para detectar errores o inconsistencias en los datos?",
        "eje": "C",
        "orden": 2
    }
},
{
    "model": "sistemas.pregunta",
    "pk": 21,
    "fields": {
        "texto_pregunta": "¿Qué medidas implementa el sistema de información para la mejora continua de la calidad de los datos que gestiona?",
        "eje": "C",
        "orden": 3
    }
},
{
    "model": "sistemas.pregunta",
    "pk": 22,
    "fields": {
        "texto_pregunta": "¿El sistema garantiza la trazabilidad del dato a lo largo de su ciclo de vida (creación, acceso, modificación, transferencia o eliminación)?",
        "eje": "C",
        "orden": 4
    }
},
{
    "model": "sistemas.pregunta",
    "pk": 23,
    "fields": {
        "texto_pregunta": "En caso de que su sistema de información cuente con la contratación de un servicio externo de asistencia tecnológica, funcional, jurídica, etc., ¿cómo es la transferencia de conocimiento hacia el personal interno de gobierno?",
        "eje": "P",
        "orden": 1
    }
},
{
    "model": "sistemas.pregunta",
    "pk": 24,
    "fields": {
        "texto_pregunta": "¿En qué grado está distribuido el conocimiento del sistema entre las personas de la unidad organizativa responsable?",
        "eje": "P",
        "orden": 2
    }
},
{
    "model": "sistemas.opcion",
    "pk": 1,
    "fields": {
        "pregunta": 24,
        "texto_opcion": "El conocimiento está centralizado en una sola persona, y no está adecuadamente documentado.",
        "valor": "0.100",
        "orden": 1
    }
},
{
    "model": "sistemas.opcion",
    "pk": 2,
    "fields": {
        "pregunta": 24,
        "texto_opcion": "El conocimiento está centralizado en una sola persona, pero está adecuadamente documentado por la persona.",
        "valor": "0.250",
        "orden": 2
    }
},
{
    "model": "sistemas.opcion",
    "pk": 3,
    "fields": {
        "pregunta": 24,
        "texto_opcion": "El conocimiento está compartido entre dos personas y está adecuadamente documentado.",
        "valor": "0.750",
        "orden": 3
    }
},
{
    "model": "sistemas.opcion",
    "pk": 4,
    "fields": {
        "pregunta": 24,
        "texto_opcion": "El conocimiento está compartido por más de dos personas, y se encuentra documentado y accesible para todo el equipo implicado en la gestión del sistema.",
        "valor": "1.000",
        "orden": 4
    }
},
{
    "model": "sistemas.opcion",
    "pk": 5,
    "fields": {
        "pregunta": 23,
        "texto_opcion": "El personal interno se limita al uso funcional del sistema. Existen dificultades para conocer los análisis e implementaciones realizadas. No se documentan adecuadamente.",
        "valor": "0.100",
        "orden": 1
    }
},
{
    "model": "sistemas.opcion",
    "pk": 6,
    "fields": {
        "pregunta": 23,
        "texto_opcion": "Se informa al personal interno después de analizar e implementar las mejoras por parte del servicio externo.",
        "valor": "0.250",
        "orden": 2
    }
},
{
    "model": "sistemas.opcion",
    "pk": 7,
    "fields": {
        "pregunta": 23,
        "texto_opcion": "Personal interno y personal externo analizan y diseñan conjuntamente las mejoras funcionales y/o tecnológicas a implementar.",
        "valor": "0.800",
        "orden": 3
    }
},
{
    "model": "sistemas.opcion",
    "pk": 8,
    "fields": {
        "pregunta": 23,
        "texto_opcion": "El personal interno lidera el análisis y definición funcional de los cambios y evoluciones a implementar, los cuáles son comunicados y coordinados con el equipo técnico para su implementación.  O bien No existe contratación de un servicio externo.",
        "valor": "1.000",
        "orden": 4
    }
},
{
    "model": "sistemas.opcion",
    "pk": 9,
    "fields": {
        "pregunta": 1,
        "texto_opcion": "No se consultan los datos de la PID. Se solicita a la persona interesada que proporcione toda su información, incluso cuando podría obtenerse a través de la PID.",
        "valor": "0.000",
        "orden": 1
    }
},
{
    "model": "sistemas.opcion",
    "pk": 10,
    "fields": {
        "pregunta": 1,
        "texto_opcion": "Se consulta parcialmente la información de la persona interesada disponible en la PID. Sin embargo, existen limitaciones funcionales, como la necesidad de realizar consultas manuales o la falta de una integración eficiente, lo que dificulta el acceso y uso óptimo de los datos.",
        "valor": "0.250",
        "orden": 2
    }
},
{
    "model": "sistemas.opcion",
    "pk": 11,
    "fields": {
        "pregunta": 1,
        "texto_opcion": "Se consultan de forma automatizada los datos más relevantes de la persona interesada disponibles en la PID.",
        "valor": "0.900",
        "orden": 3
    }
},
{
    "model": "sistemas.opcion",
    "pk": 12,
    "fields": {
        "pregunta": 1,
        "texto_opcion": "Se consultan automáticamente todos los datos disponibles en la PID que son requeridos en el sistema para la gestión administrativa.  O bien No se necesita intermediar datos.",
        "valor": "1.000",
        "orden": 4
    }
},
{
    "model": "sistemas.opcion",
    "pk": 13,
    "fields": {
        "pregunta": 2,
        "texto_opcion": "No es posible su consulta.",
        "valor": "0.000",
        "orden": 1
    }
},
{
    "model": "sistemas.opcion",
    "pk": 14,
    "fields": {
        "pregunta": 2,
        "texto_opcion": "Se ofrece consultar los datos más relevantes. Para el resto de datos, se pueden implementar consultas a medida.",
        "valor": "0.250",
        "orden": 3
    }
},
{
    "model": "sistemas.opcion",
    "pk": 15,
    "fields": {
        "pregunta": 2,
        "texto_opcion": "Se pueden consultar bajo demanda, mediante la implementación de mecanismos a medida.",
        "valor": "0.250",
        "orden": 2
    }
},
{
    "model": "sistemas.opcion",
    "pk": 16,
    "fields": {
        "pregunta": 2,
        "texto_opcion": "Se puede consultar la totalidad de los datos mediante mecanismos correctamente documentados.  O bien No se necesita consultar datos.",
        "valor": "1.000",
        "orden": 4
    }
},
{
    "model": "sistemas.opcion",
    "pk": 17,
    "fields": {
        "pregunta": 3,
        "texto_opcion": "No se utilizan clasificaciones normalizadas.",
        "valor": "0.000",
        "orden": 1
    }
},
{
    "model": "sistemas.opcion",
    "pk": 18,
    "fields": {
        "pregunta": 3,
        "texto_opcion": "Ocasionalmente se utilizan clasificaciones de uso general y ya extendidas (CNAE, municipios, etc.).",
        "valor": "0.250",
        "orden": 2
    }
},
{
    "model": "sistemas.opcion",
    "pk": 19,
    "fields": {
        "pregunta": 3,
        "texto_opcion": "Para la mayoría de los datos se utilizan clasificaciones normalizadas.",
        "valor": "0.750",
        "orden": 3
    }
},
{
    "model": "sistemas.opcion",
    "pk": 20,
    "fields": {
        "pregunta": 3,
        "texto_opcion": "Para cualquier relación de valores a introducir siempre se utilizan clasificaciones normalizadas.",
        "valor": "1.000",
        "orden": 4
    }
},
{
    "model": "sistemas.opcion",
    "pk": 21,
    "fields": {
        "pregunta": 4,
        "texto_opcion": "No se gestionan, porque el sistema no lo permite.",
        "valor": "0.000",
        "orden": 1
    }
},
{
    "model": "sistemas.opcion",
    "pk": 22,
    "fields": {
        "pregunta": 4,
        "texto_opcion": "No se gestionan, aunque el sistema lo permite.",
        "valor": "0.100",
        "orden": 2
    }
},
{
    "model": "sistemas.opcion",
    "pk": 23,
    "fields": {
        "pregunta": 4,
        "texto_opcion": "Solo se gestionan y mantienen los metadatos para algunos datos.",
        "valor": "0.500",
        "orden": 3
    }
},
{
    "model": "sistemas.opcion",
    "pk": 24,
    "fields": {
        "pregunta": 4,
        "texto_opcion": "La gestión de metadatos es integral y se mantienen actualizados de forma continua.",
        "valor": "1.000",
        "orden": 4
    }
},
{
    "model": "sistemas.opcion",
    "pk": 25,
    "fields": {
        "pregunta": 6,
        "texto_opcion": "No se ha realizado ningún análisis.",
        "valor": "0.000",
        "orden": 1
    }
},
{
    "model": "sistemas.opcion",
    "pk": 26,
    "fields": {
        "pregunta": 6,
        "texto_opcion": "Se realizó un análisis de riesgos, pero no se ha actualizado.",
        "valor": "0.250",
        "orden": 2
    }
},
{
    "model": "sistemas.opcion",
    "pk": 27,
    "fields": {
        "pregunta": 6,
        "texto_opcion": "El análisis de riesgos se actualiza de manera periódica.",
        "valor": "0.750",
        "orden": 3
    }
},
{
    "model": "sistemas.opcion",
    "pk": 28,
    "fields": {
        "pregunta": 6,
        "texto_opcion": "El análisis de riesgos se actualiza de manera periódica, y también se realizan revisiones ante cambios en el sistema, la normativa, o incidentes de seguridad. Además, se integra en la gestión global de seguridad y protección de datos.",
        "valor": "1.000",
        "orden": 4
    }
},
{
    "model": "sistemas.opcion",
    "pk": 29,
    "fields": {
        "pregunta": 15,
        "texto_opcion": "No se publican datos abiertos.",
        "valor": "0.000",
        "orden": 1
    }
},
{
    "model": "sistemas.opcion",
    "pk": 30,
    "fields": {
        "pregunta": 15,
        "texto_opcion": "Se publican uno o dos conjuntos de datos abiertos.",
        "valor": "0.250",
        "orden": 2
    }
},
{
    "model": "sistemas.opcion",
    "pk": 31,
    "fields": {
        "pregunta": 15,
        "texto_opcion": "Se publican tres o más conjuntos de datos abiertos.",
        "valor": "1.000",
        "orden": 3
    }
},
{
    "model": "sistemas.opcion",
    "pk": 32,
    "fields": {
        "pregunta": 16,
        "texto_opcion": "No puede.",
        "valor": "0.000",
        "orden": 1
    }
},
{
    "model": "sistemas.opcion",
    "pk": 33,
    "fields": {
        "pregunta": 16,
        "texto_opcion": "Los procesos de consultas de datos se realizan se forma manual.",
        "valor": "0.250",
        "orden": 2
    }
},
{
    "model": "sistemas.opcion",
    "pk": 34,
    "fields": {
        "pregunta": 16,
        "texto_opcion": "La mayoría de procesos se lanzan de forma automática.",
        "valor": "0.750",
        "orden": 3
    }
},
{
    "model": "sistemas.opcion",
    "pk": 35,
    "fields": {
        "pregunta": 16,
        "texto_opcion": "Todos los procesos son automáticos.  O bien  Los datos no requieren actualización.",
        "valor": "1.000",
        "orden": 4
    }
},
{
    "model": "sistemas.opcion",
    "pk": 36,
    "fields": {
        "pregunta": 17,
        "texto_opcion": "No dispone de la capacidad.",
        "valor": "0.000",
        "orden": 1
    }
},
{
    "model": "sistemas.opcion",
    "pk": 37,
    "fields": {
        "pregunta": 17,
        "texto_opcion": "Dispone de una API limitada, generada a partir de demandas concretas. La generación de nuevas API requiere un esfuerzo.",
        "valor": "0.250",
        "orden": 2
    }
},
{
    "model": "sistemas.opcion",
    "pk": 38,
    "fields": {
        "pregunta": 17,
        "texto_opcion": "Dispone de una API genérica. La generación de nuevas API no requiere un esfuerzo.",
        "valor": "0.750",
        "orden": 3
    }
},
{
    "model": "sistemas.opcion",
    "pk": 39,
    "fields": {
        "pregunta": 17,
        "texto_opcion": "Cualquier activo de datos desde que se conceptualiza, implementa y mantiene por el sistema, es consultable vía API por defecto.",
        "valor": "1.000",
        "orden": 4
    }
},
{
    "model": "sistemas.opcion",
    "pk": 40,
    "fields": {
        "pregunta": 18,
        "texto_opcion": "No se puede.",
        "valor": "0.000",
        "orden": 1
    }
},
{
    "model": "sistemas.opcion",
    "pk": 41,
    "fields": {
        "pregunta": 18,
        "texto_opcion": "Solo se pueden obtener los datos en formatos nativos de soluciones no abiertas: .xls, .xlsx, etc.",
        "valor": "0.250",
        "orden": 2
    }
},
{
    "model": "sistemas.opcion",
    "pk": 42,
    "fields": {
        "pregunta": 18,
        "texto_opcion": "Es posible obtenerlos en, al menos, uno de los formatos contemplados por la NTI del catálogo de estándares: .csv, .json, .xml, .ods, etc.",
        "valor": "0.900",
        "orden": 3
    }
},
{
    "model": "sistemas.opcion",
    "pk": 43,
    "fields": {
        "pregunta": 18,
        "texto_opcion": "Se pueden obtener los datos en varios formatos de la NTI del catálogo de estándares.",
        "valor": "1.000",
        "orden": 4
    }
},
{
    "model": "sistemas.opcion",
    "pk": 44,
    "fields": {
        "pregunta": 19,
        "texto_opcion": "No realiza validaciones.",
        "valor": "0.000",
        "orden": 1
    }
},
{
    "model": "sistemas.opcion",
    "pk": 45,
    "fields": {
        "pregunta": 19,
        "texto_opcion": "Realiza validaciones mínimas en aspectos básicos, como que un campo sea obligatorio o que un dato sea del tipo correcto (número, fecha, texto).",
        "valor": "0.250",
        "orden": 2
    }
},
{
    "model": "sistemas.opcion",
    "pk": 46,
    "fields": {
        "pregunta": 19,
        "texto_opcion": "Realiza validaciones estructuradas con reglas lógicas entre campos para evitar incoherencias.",
        "valor": "0.750",
        "orden": 3
    }
},
{
    "model": "sistemas.opcion",
    "pk": 47,
    "fields": {
        "pregunta": 19,
        "texto_opcion": "Realiza validaciones automáticas avanzadas basadas en reglas de negocio previamente establecidas para garantizar la calidad.",
        "valor": "1.000",
        "orden": 4
    }
},
{
    "model": "sistemas.opcion",
    "pk": 48,
    "fields": {
        "pregunta": 20,
        "texto_opcion": "No existen mecanismos.",
        "valor": "0.000",
        "orden": 1
    }
},
{
    "model": "sistemas.opcion",
    "pk": 49,
    "fields": {
        "pregunta": 20,
        "texto_opcion": "Existen mecanismos manuales.",
        "valor": "0.250",
        "orden": 2
    }
},
{
    "model": "sistemas.opcion",
    "pk": 50,
    "fields": {
        "pregunta": 20,
        "texto_opcion": "Hay mecanismos automáticos básicos en los que se implementan algunas reglas que detectan errores comunes.",
        "valor": "0.750",
        "orden": 3
    }
},
{
    "model": "sistemas.opcion",
    "pk": 51,
    "fields": {
        "pregunta": 20,
        "texto_opcion": "Existe una detección de errores avanzada y continua, con reglas complejas, alertas o tecnologías inteligentes.",
        "valor": "1.000",
        "orden": 4
    }
},
{
    "model": "sistemas.opcion",
    "pk": 52,
    "fields": {
        "pregunta": 10,
        "texto_opcion": "Únicamente para algunos datos se definen roles de acceso.",
        "valor": "0.250",
        "orden": 2
    }
},
{
    "model": "sistemas.opcion",
    "pk": 53,
    "fields": {
        "pregunta": 10,
        "texto_opcion": "No existen controles diferenciados de acceso. Todos los usuarios tienen el mismo nivel de acceso.",
        "valor": "0.000",
        "orden": 1
    }
},
{
    "model": "sistemas.opcion",
    "pk": 54,
    "fields": {
        "pregunta": 10,
        "texto_opcion": "Existen perfiles, pero mal definidos o sin seguimiento.",
        "valor": "0.500",
        "orden": 3
    }
},
{
    "model": "sistemas.opcion",
    "pk": 55,
    "fields": {
        "pregunta": 10,
        "texto_opcion": "El control de acceso es granular, automatizado, auditable y revisado periódicamente. Además, cada rol está bien definido y documentado.",
        "valor": "1.000",
        "orden": 4
    }
},
{
    "model": "sistemas.opcion",
    "pk": 56,
    "fields": {
        "pregunta": 11,
        "texto_opcion": "No se realizan auditorías.",
        "valor": "0.000",
        "orden": 1
    }
},
{
    "model": "sistemas.opcion",
    "pk": 57,
    "fields": {
        "pregunta": 11,
        "texto_opcion": "Se realizan auditorías ocasionales o solo en caso de incidente.",
        "valor": "0.250",
        "orden": 2
    }
},
{
    "model": "sistemas.opcion",
    "pk": 58,
    "fields": {
        "pregunta": 11,
        "texto_opcion": "Se realizan auditorías planificadas con informes técnicos con periodicidad de dos años o más.",
        "valor": "0.800",
        "orden": 3
    }
},
{
    "model": "sistemas.opcion",
    "pk": 59,
    "fields": {
        "pregunta": 11,
        "texto_opcion": "Se realizan auditorías periódicas y sistemáticas con una periodicidad inferior a 2 años.",
        "valor": "1.000",
        "orden": 4
    }
},
{
    "model": "sistemas.opcion",
    "pk": 60,
    "fields": {
        "pregunta": 12,
        "texto_opcion": "No se aplican controles.",
        "valor": "0.000",
        "orden": 1
    }
},
{
    "model": "sistemas.opcion",
    "pk": 61,
    "fields": {
        "pregunta": 12,
        "texto_opcion": "Se aplican controles pero no son suficientes para proteger datos sensibles.",
        "valor": "0.250",
        "orden": 2
    }
},
{
    "model": "sistemas.opcion",
    "pk": 62,
    "fields": {
        "pregunta": 12,
        "texto_opcion": "Existen medidas de protección más robustas, como el cifrado de datos y controles de acceso más estrictos. Sin embargo, existen algunas áreas de mejora.",
        "valor": "0.750",
        "orden": 3
    }
},
{
    "model": "sistemas.opcion",
    "pk": 63,
    "fields": {
        "pregunta": 12,
        "texto_opcion": "El sistema cuenta con las máximas medidas de protección de datos, incluido el cifrado total, autenticación multifactor, auditorías regulares, y políticas estrictas de control de acceso. O bien El sistema no tiene datos sensibles.",
        "valor": "1.000",
        "orden": 4
    }
},
{
    "model": "sistemas.opcion",
    "pk": 64,
    "fields": {
        "pregunta": 13,
        "texto_opcion": "No existen estrategias definidas ni procesos documentados de respaldo o recuperación. Las copias de seguridad no se realizan regularmente o no están disponibles.",
        "valor": "0.000",
        "orden": 1
    }
},
{
    "model": "sistemas.opcion",
    "pk": 65,
    "fields": {
        "pregunta": 13,
        "texto_opcion": "Se realizan respaldos periódicos, pero de forma manual o sin una estrategia formal. No hay pruebas frecuentes de recuperación.",
        "valor": "0.250",
        "orden": 2
    }
},
{
    "model": "sistemas.opcion",
    "pk": 66,
    "fields": {
        "pregunta": 13,
        "texto_opcion": "Existe una estrategia definida de respaldo y recuperación. Las copias se realizan de forma automática y se almacenan en ubicaciones seguras.",
        "valor": "0.900",
        "orden": 3
    }
},
{
    "model": "sistemas.opcion",
    "pk": 67,
    "fields": {
        "pregunta": 13,
        "texto_opcion": "El sistema tiene políticas avanzadas de respaldo y recuperación. Se realizan respaldos en tiempo real o frecuentes, con redundancia geográfica. Se simulan escenarios de recuperación regularmente.",
        "valor": "1.000",
        "orden": 4
    }
},
{
    "model": "sistemas.opcion",
    "pk": 68,
    "fields": {
        "pregunta": 14,
        "texto_opcion": "No existen procedimientos establecidos ni definidos para identificar, notificar y gestionar brechas de seguridad.",
        "valor": "0.000",
        "orden": 1
    }
},
{
    "model": "sistemas.opcion",
    "pk": 69,
    "fields": {
        "pregunta": 14,
        "texto_opcion": "Existen acciones informales o puntuales en caso de brechas, pero sin un protocolo documentado ni comunicación clara.",
        "valor": "0.250",
        "orden": 2
    }
},
{
    "model": "sistemas.opcion",
    "pk": 70,
    "fields": {
        "pregunta": 14,
        "texto_opcion": "Hay procedimientos documentados para la detección, notificación y gestión de brechas. Se realiza registro y análisis posterior del incidente.",
        "valor": "0.800",
        "orden": 3
    }
},
{
    "model": "sistemas.opcion",
    "pk": 71,
    "fields": {
        "pregunta": 14,
        "texto_opcion": "Existe un plan formal y sistemático para gestionar brechas de seguridad, con responsables definidos, simulaciones periódicas, canales de notificación y mejora continua.",
        "valor": "1.000",
        "orden": 4
    }
},
{
    "model": "sistemas.opcion",
    "pk": 72,
    "fields": {
        "pregunta": 7,
        "texto_opcion": "No se realiza la EIPD.",
        "valor": "0.000",
        "orden": 1
    }
},
{
    "model": "sistemas.opcion",
    "pk": 73,
    "fields": {
        "pregunta": 7,
        "texto_opcion": "Se realizan de forma puntual cuando se detecta un riesgo.",
        "valor": "0.250",
        "orden": 2
    }
},
{
    "model": "sistemas.opcion",
    "pk": 74,
    "fields": {
        "pregunta": 7,
        "texto_opcion": "Se realizan de manera regular para los datos más relevantes.",
        "valor": "0.500",
        "orden": 3
    }
},
{
    "model": "sistemas.opcion",
    "pk": 75,
    "fields": {
        "pregunta": 7,
        "texto_opcion": "Se realizan EIPD de forma sistemática, están integradas en los procesos de gestión de riesgos y se actualizan periódicamente.  O bien  El sistema no gestiona datos con un nivel de protección alto.",
        "valor": "1.000",
        "orden": 4
    }
},
{
    "model": "sistemas.opcion",
    "pk": 76,
    "fields": {
        "pregunta": 8,
        "texto_opcion": "No está identificada.",
        "valor": "0.000",
        "orden": 1
    }
},
{
    "model": "sistemas.opcion",
    "pk": 77,
    "fields": {
        "pregunta": 8,
        "texto_opcion": "La base legal está identificada, pero no está formalmente documentada.",
        "valor": "0.250",
        "orden": 2
    }
},
{
    "model": "sistemas.opcion",
    "pk": 78,
    "fields": {
        "pregunta": 8,
        "texto_opcion": "La base legal está identificada y registrada.",
        "valor": "0.750",
        "orden": 3
    }
},
{
    "model": "sistemas.opcion",
    "pk": 79,
    "fields": {
        "pregunta": 8,
        "texto_opcion": "La base legal ha sido revisada por el Delegado de Protección de Datos o asesoría jurídica y comunicada a los responsables del tratamiento.",
        "valor": "1.000",
        "orden": 4
    }
},
{
    "model": "sistemas.opcion",
    "pk": 80,
    "fields": {
        "pregunta": 9,
        "texto_opcion": "No están publicados.",
        "valor": "0.000",
        "orden": 1
    }
},
{
    "model": "sistemas.opcion",
    "pk": 81,
    "fields": {
        "pregunta": 9,
        "texto_opcion": "Están publicados pero de forma incompleta.",
        "valor": "0.250",
        "orden": 2
    }
},
{
    "model": "sistemas.opcion",
    "pk": 82,
    "fields": {
        "pregunta": 9,
        "texto_opcion": "Están publicados en su totalidad pero están desactualizados.",
        "valor": "0.500",
        "orden": 3
    }
},
{
    "model": "sistemas.opcion",
    "pk": 83,
    "fields": {
        "pregunta": 9,
        "texto_opcion": "Están publicados en su totalidad y se revisan periódicamente.",
        "valor": "1.000",
        "orden": 4
    }
},
{
    "model": "sistemas.opcion",
    "pk": 84,
    "fields": {
        "pregunta": 21,
        "texto_opcion": "Ninguna.",
        "valor": "0.000",
        "orden": 1
    }
},
{
    "model": "sistemas.opcion",
    "pk": 85,
    "fields": {
        "pregunta": 21,
        "texto_opcion": "Se aplican correcciones ocasionales sin un proceso definido.",
        "valor": "0.400",
        "orden": 2
    }
},
{
    "model": "sistemas.opcion",
    "pk": 86,
    "fields": {
        "pregunta": 21,
        "texto_opcion": "Se implementan procesos de revisión y mejora automatizada de datos.",
        "valor": "0.800",
        "orden": 3
    }
},
{
    "model": "sistemas.opcion",
    "pk": 87,
    "fields": {
        "pregunta": 21,
        "texto_opcion": "Existe un ciclo continuo de mejora con análisis predictivo y herramientas avanzadas de calidad de datos.",
        "valor": "1.000",
        "orden": 4
    }
},
{
    "model": "sistemas.opcion",
    "pk": 88,
    "fields": {
        "pregunta": 22,
        "texto_opcion": "No hay trazabilidad.",
        "valor": "0.000",
        "orden": 1
    }
},
{
    "model": "sistemas.opcion",
    "pk": 89,
    "fields": {
        "pregunta": 22,
        "texto_opcion": "Existe trazabilidad parcial con registros básicos.",
        "valor": "0.250",
        "orden": 2
    }
},
{
    "model": "sistemas.opcion",
    "pk": 90,
    "fields": {
        "pregunta": 22,
        "texto_opcion": "Existe un registro de cambios estructurado con usuarios y tiempos.",
        "valor": "0.750",
        "orden": 3
    }
},
{
    "model": "sistemas.opcion",
    "pk": 91,
    "fields": {
        "pregunta": 22,
        "texto_opcion": "Existe trazabilidad completa, auditada e integrada en el ciclo de vida del dato.",
        "valor": "1.000",
        "orden": 4
    }
},
{
    "model": "sistemas.opcion",
    "pk": 92,
    "fields": {
        "pregunta": 5,
        "texto_opcion": "Si.",
        "valor": "0.000",
        "orden": 1
    }
},
{
    "model": "sistemas.opcion",
    "pk": 93,
    "fields": {
        "pregunta": 5,
        "texto_opcion": "No,",
        "valor": "1.000",
        "orden": 2
    }
},
{
    "model": "sistemas.respuesta",
    "pk": 136,
    "fields": {
        "sistema": 1,
        "opcion": 89,
        "f_respuesta": "2026-02-19T14:59:41.016Z",
        "comentario": ""
    }
},
{
    "model": "sistemas.respuesta",
    "pk": 139,
    "fields": {
        "sistema": 1,
        "opcion": 11,
        "f_respuesta": "2026-02-19T14:59:40.707Z",
        "comentario": ""
    }
},
{
    "model": "sistemas.respuesta",
    "pk": 153,
    "fields": {
        "sistema": 1,
        "opcion": 48,
        "f_respuesta": "2026-02-19T14:59:40.990Z",
        "comentario": ""
    }
},
{
    "model": "sistemas.respuesta",
    "pk": 156,
    "fields": {
        "sistema": 1,
        "opcion": 13,
        "f_respuesta": "2026-02-19T14:59:40.724Z",
        "comentario": ""
    }
},
{
    "model": "sistemas.respuesta",
    "pk": 157,
    "fields": {
        "sistema": 1,
        "opcion": 17,
        "f_respuesta": "2026-02-19T14:59:40.739Z",
        "comentario": ""
    }
},
{
    "model": "sistemas.respuesta",
    "pk": 158,
    "fields": {
        "sistema": 1,
        "opcion": 24,
        "f_respuesta": "2026-02-19T14:59:40.752Z",
        "comentario": ""
    }
},
{
    "model": "sistemas.respuesta",
    "pk": 159,
    "fields": {
        "sistema": 1,
        "opcion": 30,
        "f_respuesta": "2026-02-19T14:59:40.766Z",
        "comentario": ""
    }
},
{
    "model": "sistemas.respuesta",
    "pk": 160,
    "fields": {
        "sistema": 1,
        "opcion": 35,
        "f_respuesta": "2026-02-19T14:59:40.779Z",
        "comentario": ""
    }
},
{
    "model": "sistemas.respuesta",
    "pk": 161,
    "fields": {
        "sistema": 1,
        "opcion": 39,
        "f_respuesta": "2026-02-19T14:59:40.793Z",
        "comentario": ""
    }
},
{
    "model": "sistemas.respuesta",
    "pk": 162,
    "fields": {
        "sistema": 1,
        "opcion": 42,
        "f_respuesta": "2026-02-19T14:59:40.807Z",
        "comentario": ""
    }
},
{
    "model": "sistemas.respuesta",
    "pk": 163,
    "fields": {
        "sistema": 1,
        "opcion": 52,
        "f_respuesta": "2026-02-19T14:59:40.821Z",
        "comentario": ""
    }
},
{
    "model": "sistemas.respuesta",
    "pk": 164,
    "fields": {
        "sistema": 1,
        "opcion": 58,
        "f_respuesta": "2026-02-19T14:59:40.839Z",
        "comentario": ""
    }
},
{
    "model": "sistemas.respuesta",
    "pk": 165,
    "fields": {
        "sistema": 1,
        "opcion": 62,
        "f_respuesta": "2026-02-19T14:59:40.853Z",
        "comentario": ""
    }
},
{
    "model": "sistemas.respuesta",
    "pk": 166,
    "fields": {
        "sistema": 1,
        "opcion": 67,
        "f_respuesta": "2026-02-19T14:59:40.868Z",
        "comentario": ""
    }
},
{
    "model": "sistemas.respuesta",
    "pk": 167,
    "fields": {
        "sistema": 1,
        "opcion": 70,
        "f_respuesta": "2026-02-19T14:59:40.882Z",
        "comentario": ""
    }
},
{
    "model": "sistemas.respuesta",
    "pk": 168,
    "fields": {
        "sistema": 1,
        "opcion": 92,
        "f_respuesta": "2026-02-19T14:59:40.898Z",
        "comentario": ""
    }
},
{
    "model": "sistemas.respuesta",
    "pk": 169,
    "fields": {
        "sistema": 1,
        "opcion": 28,
        "f_respuesta": "2026-02-19T14:59:40.916Z",
        "comentario": ""
    }
},
{
    "model": "sistemas.respuesta",
    "pk": 170,
    "fields": {
        "sistema": 1,
        "opcion": 73,
        "f_respuesta": "2026-02-19T14:59:40.937Z",
        "comentario": ""
    }
},
{
    "model": "sistemas.respuesta",
    "pk": 171,
    "fields": {
        "sistema": 1,
        "opcion": 76,
        "f_respuesta": "2026-02-19T14:59:40.951Z",
        "comentario": ""
    }
},
{
    "model": "sistemas.respuesta",
    "pk": 172,
    "fields": {
        "sistema": 1,
        "opcion": 82,
        "f_respuesta": "2026-02-19T14:59:40.966Z",
        "comentario": ""
    }
},
{
    "model": "sistemas.respuesta",
    "pk": 173,
    "fields": {
        "sistema": 1,
        "opcion": 47,
        "f_respuesta": "2026-02-19T14:59:40.981Z",
        "comentario": ""
    }
},
{
    "model": "sistemas.respuesta",
    "pk": 174,
    "fields": {
        "sistema": 1,
        "opcion": 85,
        "f_respuesta": "2026-02-19T14:59:41.005Z",
        "comentario": ""
    }
},
{
    "model": "sistemas.respuesta",
    "pk": 175,
    "fields": {
        "sistema": 1,
        "opcion": 7,
        "f_respuesta": "2026-02-19T14:59:41.030Z",
        "comentario": ""
    }
},
{
    "model": "sistemas.respuesta",
    "pk": 176,
    "fields": {
        "sistema": 1,
        "opcion": 4,
        "f_respuesta": "2026-02-19T14:59:41.045Z",
        "comentario": ""
    }
}
]
